Time (UTCG),AngMomentum in X (kg*m^2/sec),AngMomentum in Y (kg*m^2/sec),AngMomentum in Z (kg*m^2/sec)
06 Aug 2023 20:15:04,0.00622933166777119,0.0063578602719041,-0.000518954594201554
06 Aug 2023 20:20:04,0.00728253053395612,0.00743225804567994,-0.000606595230528776
06 Aug 2023 20:25:04,0.00823314763705106,0.00840200334217393,-0.000685658333730863
06 Aug 2023 20:30:04,0.00833607022051142,0.00850667720518794,-0.000694110016341842
06 Aug 2023 20:35:04,0.00749217073617035,0.00764520610558096,-0.00062372813145402
06 Aug 2023 20:40:04,0.00640934723096345,0.00654013502107587,-0.000533482595788395
06 Aug 2023 20:45:04,0.00562954284180973,0.00574455469228754,-0.000468502632064591
06 Aug 2023 20:50:04,0.00529777357751156,0.00540643529424341,-0.000440857680056721
06 Aug 2023 20:55:04,0.00542122678188003,0.00553310349320435,-0.000451142677485616
06 Aug 2023 21:00:04,0.00600145862710893,0.00612615307324009,-0.000499488598692969
06 Aug 2023 21:05:04,-0.00671015388965315,0.0199612363510073,0.000113324764136593
06 Aug 2023 21:10:04,0,0,0
06 Aug 2023 21:15:04,0.00662721290334779,0.00624723596947766,0.000668642926253664
06 Aug 2023 21:20:04,0.00800954748484538,0.00443587953988671,0.00052311828135413
06 Aug 2023 21:25:04,0,0,0
06 Aug 2023 21:30:04,0.0147545367571616,-0.00334906932755718,-0.000353883942685794
06 Aug 2023 21:35:04,0.00533869059083315,0.00545034069576838,-0.000444826810645935
06 Aug 2023 21:40:04,0.00533809812854002,0.00544911469187984,-0.000444778620855611
06 Aug 2023 21:45:04,0.00579286201399803,0.00591268448619529,-0.00048262907725762
06 Aug 2023 21:50:04,0.00668030701709437,0.00681789341959426,-0.000556484433101082
06 Aug 2023 21:55:04,0.00777227694409262,0.00793187850924,-0.000647337464835618
06 Aug 2023 22:00:04,0.00841689632999452,0.00858935288657839,-0.000700906177374391
06 Aug 2023 22:05:04,0.00803350594121836,0.00819776618804349,-0.000668862131534861
06 Aug 2023 22:10:04,0.00698520423523499,0.00712779238796741,-0.000581472670001133
06 Aug 2023 22:15:04,0.00600276649942102,0.00612528469634975,-0.000499602010756169
06 Aug 2023 22:20:04,0.0054226398757705,0.00553358803308076,-0.000451262309763939
06 Aug 2023 22:25:04,0.0052982065485752,0.00540716081612376,-0.000440893145741774
06 Aug 2023 22:30:04,0.00562920798079133,0.00574574043938563,-0.000468471615297538
06 Aug 2023 22:35:04,-0.00590961242576776,0.0187643244310749,-0.000191280466978688
06 Aug 2023 22:40:04,0,0,0
06 Aug 2023 22:45:04,0.00567767236345973,0.00718107389017594,0.000659658208794474
06 Aug 2023 22:50:04,0.00730271589129235,0.00544605502885543,0.000626307484427251
06 Aug 2023 22:55:04,0,0,0
06 Aug 2023 23:00:04,0.0171280208716067,-0.00547810856140879,-0.000145430813568388
06 Aug 2023 23:05:04,0.00553120054683569,0.00564718168087072,-0.000460848824583295
06 Aug 2023 23:10:04,0.00528262953381362,0.00539283267889557,-0.000440161348645084
06 Aug 2023 23:15:04,0.00548841768924567,0.00560226710055247,-0.000457290179280124
06 Aug 2023 23:20:04,0.0061481188868975,0.00627501779182603,-0.000512195586190374
06 Aug 2023 23:25:04,0.00717961119199168,0.00732725866356602,-0.000598031638026432
06 Aug 2023 23:30:04,0.0081693007382517,0.00833687725021148,-0.000680351382419614
06 Aug 2023 23:35:04,0.00837002562672039,0.00854135823157328,-0.000696948070933851
06 Aug 2023 23:40:04,0.00758939529150808,0.00774444074057011,-0.00063183261185733
06 Aug 2023 23:45:04,0.00650021904261329,0.00663286486370893,-0.00054105498576396
06 Aug 2023 23:50:04,0.00568346818426499,0.00579955867405978,-0.000472995799940244
06 Aug 2023 23:55:04,0.00531044011029652,0.00541931414554893,-0.000441913066874874
07 Aug 2023 00:00:04,0.00539237165219287,0.00550358843662784,-0.000448738531186335
07 Aug 2023 00:05:04,0.0059309021386103,0.00605406024868338,-0.000493609630971905
07 Aug 2023 00:10:04,-0.00783456806111816,0.0210891927678388,6.98200816532091e-05
07 Aug 2023 00:15:04,0,0,0
07 Aug 2023 00:20:04,0.00655161193202016,0.00632977695832741,0.00066978539943714
07 Aug 2023 00:25:04,0.00795769658169988,0.00451874506502156,0.000532669192214992
07 Aug 2023 00:30:04,0,0,0
07 Aug 2023 00:35:04,0.0161717108598853,-0.00469714552954766,-0.000336652290442998
07 Aug 2023 00:40:04,0.00536241975854756,0.00547461596927921,-0.00044680182357517
07 Aug 2023 00:45:04,0.00532044223901252,0.00543114592943738,-0.00044330903042748
07 Aug 2023 00:50:04,0.00573319921085329,0.00585183833209428,-0.000477663326189517
07 Aug 2023 00:55:04,0.00658432035194003,0.00671997141982715,-0.000548496459917702
07 Aug 2023 01:00:04,0.00767663167700979,0.00783430166070769,-0.000639381119158469
07 Aug 2023 01:05:04,0.00839466786878223,0.00856669929533356,-0.000699065703646035
07 Aug 2023 01:10:04,0.00810591821902707,0.00827168863411509,-0.000674901928266819
07 Aug 2023 01:15:04,0.00708676796653216,0.0072314457120101,-0.000589937108420826
07 Aug 2023 01:20:04,0.00607860056523357,0.00620265813036615,-0.000505920925258329
07 Aug 2023 01:25:04,0.00545765950205019,0.00556928899248312,-0.000454180177231321
07 Aug 2023 01:30:04,0.00529161790182725,0.0054003798199748,-0.000440344238176686
07 Aug 2023 01:35:04,0.00558030067474927,0.00569575143259855,-0.0004643966980475
07 Aug 2023 01:40:04,-0.00141079558028369,0.0141284421294131,-0.000308984671556701
07 Aug 2023 01:45:04,0,0,0
07 Aug 2023 01:50:04,0.00531516296906287,0.0074895009340349,0.000639274419412725
07 Aug 2023 01:55:04,0.00734470856993008,0.0053920793208378,0.000621383190939659
07 Aug 2023 02:00:04,0,0,0
07 Aug 2023 02:05:04,0.0141506443804299,-0.00256476802896333,-3.85950826556907e-05
07 Aug 2023 02:10:04,0.00557819146637682,0.00569520195389052,-0.000464759900710038
07 Aug 2023 02:15:04,0.00528769323304035,0.00539805552673852,-0.00044058279085359
07 Aug 2023 02:20:04,0.00545136761834575,0.00556450257519565,-0.000454206390629055
07 Aug 2023 02:25:04,0.00606947343891731,0.00619479656370209,-0.000505650198328833
07 Aug 2023 02:30:04,0.0070759072394287,0.00722145941620329,-0.000589402514940748
07 Aug 2023 02:35:04,0.00809820523933732,0.00826435426702907,-0.000674440741475194
07 Aug 2023 02:40:04,0.00839614329966167,0.00856804179391687,-0.000699133660899159
07 Aug 2023 02:45:04,0.00768596211065109,0.00784300623464823,-0.00063988268627966
07 Aug 2023 02:50:04,0.00659485338342156,0.0067294364506518,-0.00054894101394001
07 Aug 2023 02:55:04,0.00574157004930025,0.00585882636435748,-0.00047783699033474
07 Aug 2023 03:00:04,0.0053263393647796,0.00543549308360412,-0.00044323782646798
07 Aug 2023 03:05:04,0.00536630925290107,0.00547692425004398,-0.000446567101423507
07 Aug 2023 03:10:04,0.00586189864769256,0.00598355250756346,-0.000487860156876499
07 Aug 2023 03:15:04,-0.00974000156497823,0.0230833437842212,7.82473928533835e-07
07 Aug 2023 03:20:04,0,0,0
07 Aug 2023 03:25:04,0.00619463981055392,0.00669748388438978,0.000671850995811617
07 Aug 2023 03:30:04,0.00799747073654978,0.0044558834364019,0.000524201834401799
07 Aug 2023 03:35:04,0,0,0
07 Aug 2023 03:40:04,0.0180642803032246,-0.0065786042215457,-0.00030104923830522
07 Aug 2023 03:45:04,0.00539026222189463,0.0055030909797391,-0.000449119190387935
07 Aug 2023 03:50:04,0.00530609908358623,0.00541655966602828,-0.000442115166565974
07 Aug 2023 03:55:04,0.00567619462373118,0.00579370645922279,-0.000472918793042639
07 Aug 2023 04:00:04,0.00648943655660769,0.00662317619866253,-0.000540600159131948
07 Aug 2023 04:05:04,0.00757732559325414,0.00773298977808002,-0.000631119790847693
07 Aug 2023 04:10:04,0.00836378040516829,0.00853520984565649,-0.000696504250312603
07 Aug 2023 04:15:04,0.00817403160876777,0.0083412258216019,-0.000680584085153039
07 Aug 2023 04:20:04,0.0071905117222418,0.00733732594803643,-0.000598583468642573
07 Aug 2023 04:25:04,0.00615903115202231,0.0062847241469419,-0.000512622898800351
07 Aug 2023 04:30:04,0.00549701733540666,0.00560941845726294,-0.000457459506442697
07 Aug 2023 04:35:04,0.00528873015419941,0.00539737670623426,-0.0004401036791799
07 Aug 2023 04:40:04,0.00553467947308604,0.00564911686755069,-0.000460595588114665
07 Aug 2023 04:45:04,0.0059530757371792,0.0066427978298026,-0.000510653172066768
07 Aug 2023 04:50:04,0,0,0
07 Aug 2023 04:55:04,0.00539917436540723,0.00742020218583948,0.000644012295689938
07 Aug 2023 05:00:04,0.00704897737061646,0.00576343330812584,0.000646265653791831
07 Aug 2023 05:05:04,0,0,0
07 Aug 2023 05:10:04,0.0092698175573029,0.0021147331596254,0.000133244112981259
07 Aug 2023 05:15:04,0.0056293008871658,0.0057474268668948,-0.000469013728988875
07 Aug 2023 05:20:04,0.00529647564364563,0.00540707509342465,-0.000441313751476922
07 Aug 2023 05:25:04,0.00541776155494157,0.00553025426201363,-0.000451409254511656
07 Aug 2023 05:30:04,0.00599376082306303,0.00611756968514428,-0.000499348863726356
07 Aug 2023 05:35:04,0.0069719219733052,0.00711537400669577,-0.000580749760906475
07 Aug 2023 05:40:04,0.00802029932003443,0.00818488159269496,-0.000667962867141551
07 Aug 2023 05:45:04,0.00841318135692331,0.00858546025241368,-0.000700563342082825
07 Aug 2023 05:50:04,0.0077800291226735,0.00793902234216038,-0.000647724968716571
07 Aug 2023 05:55:04,0.00669250087519325,0.00682908481197508,-0.000557078304494029
07 Aug 2023 06:00:04,0.00580413640043533,0.00592265158264448,-0.000483050204046512
07 Aug 2023 06:05:04,0.00534671658812853,0.00545624313988006,-0.000444935663280711
07 Aug 2023 06:10:04,0.00534436446606007,0.00545446338848053,-0.000444738718830374
07 Aug 2023 06:15:04,0.00579737945584492,0.00591762241802411,-0.000482484288940197
07 Aug 2023 06:20:04,-0.00986129103502352,0.0231392321174818,-5.37248582241507e-05
07 Aug 2023 06:25:04,0,0,0
07 Aug 2023 06:30:04,0.00622537200063245,0.00666728751788559,0.000671377846096987
07 Aug 2023 06:35:04,0.00772299485542305,0.0048720577886067,0.000572036620379109
07 Aug 2023 06:40:04,0,0,0
07 Aug 2023 06:45:04,0.0185924622470606,-0.00707599852064739,-0.000265556863375988
07 Aug 2023 06:50:04,0.0054222133365614,0.00553576032350113,-0.000451778528591326
07 Aug 2023 06:55:04,0.00529578713725403,0.00540608866537164,-0.00044125684883656
07 Aug 2023 07:00:04,0.00562311806371973,0.00573958435626311,-0.000468501187020971
07 Aug 2023 07:05:04,0.00639736004207516,0.0065292467648227,-0.000532937393475281
07 Aug 2023 07:10:04,0.00747565943863357,0.00762926978656844,-0.000622661675210203
07 Aug 2023 07:15:04,0.00832335949981622,0.0084939913866868,-0.000693148843861282
07 Aug 2023 07:20:04,0.00823403134084011,0.00840248369289247,-0.000685590823749703
07 Aug 2023 07:25:04,0.00729405609962836,0.00744300450334697,-0.000607213566843148
07 Aug 2023 07:30:04,0.00624304824365336,0.00637045200647227,-0.000519623812935898
07 Aug 2023 07:35:04,0.00554064832254701,0.0056539102968266,-0.000461094879773658
07 Aug 2023 07:40:04,0.00529012959393205,0.00539875031406586,-0.000440220296294406
07 Aug 2023 07:45:04,0.00549349153487312,0.00560700823878925,-0.000457163828822407
07 Aug 2023 07:50:04,0.00615132780533056,0.00627929384396921,-0.000511977179464142
07 Aug 2023 07:55:04,0.000320135901646106,0.0122013900016372,0.000307074403492798
07 Aug 2023 08:00:04,0,0,0
07 Aug 2023 08:05:04,0.00700277420862361,0.00581954413085196,0.000648735841629287
07 Aug 2023 08:10:04,0.00824120556207829,0.00405383310394871,0.000468972325878205
07 Aug 2023 08:15:04,0,0,0
07 Aug 2023 08:20:04,0.00832329393620809,0.00307787044778208,-0.000433895524128559
07 Aug 2023 08:25:04,0.00530923675016573,0.00542015618917901,-0.000442375879772072
07 Aug 2023 08:30:04,0.00538823499105035,0.00550017024378608,-0.000448951674551856
07 Aug 2023 08:35:04,0.00592152578224672,0.00604389253566745,-0.000493336907588928
07 Aug 2023 08:40:04,0.00686874477659313,0.0070101137276222,-0.000572164022356243
07 Aug 2023 08:45:04,0.00793601942935282,0.00809890410521966,-0.000660953993738392
07 Aug 2023 08:50:04,0.00841972120812437,0.00859216530654584,-0.000701118866675339
07 Aug 2023 08:55:04,0.00786999704510462,0.00803085676038328,-0.000655226211371585
07 Aug 2023 09:00:04,0.00679243421715095,0.00693106790058046,-0.00056540626112623
07 Aug 2023 09:05:04,0.00587092558857613,0.00599078807681895,-0.000488615304755154
07 Aug 2023 09:10:04,0.00537127184712914,0.00548125858357786,-0.000446981600133317
07 Aug 2023 09:15:04,0.00532653380632864,0.00543620274898317,-0.00044325310279859
07 Aug 2023 09:20:04,0.00573665946189414,0.00585557105729883,-0.00047742499450533
07 Aug 2023 09:25:04,-0.00940709500672393,0.0225281462278837,-7.72387517763382e-05
07 Aug 2023 09:30:04,0,0,0
07 Aug 2023 09:35:04,0.00610694306888712,0.00678434631468467,0.000669613958802229
07 Aug 2023 09:40:04,0.00763394063081425,0.00500045942031807,0.000584568006157378
07 Aug 2023 09:45:04,0,0,0
07 Aug 2023 09:50:04,0.0189425449349499,-0.0073325502750852,-0.000248218910506488
07 Aug 2023 09:55:04,0.00545820866096667,0.0055725580946528,-0.000454774469944801
07 Aug 2023 10:00:04,0.00528941474144079,0.00539963925403118,-0.000440726442532867
07 Aug 2023 10:05:04,0.00557393360290888,0.00568943522414712,-0.000464407513955728
07 Aug 2023 10:10:04,0.00630771711757066,0.00643780151100615,-0.000525477041726141
07 Aug 2023 10:15:04,0.00737148741890688,0.00752299270440143,-0.000613994624495633
07 Aug 2023 10:20:04,0.00827365366445764,0.00844329749968958,-0.000689020157773278
07 Aug 2023 10:25:04,0.00828608377703004,0.00845563217278942,-0.000689935978769721
07 Aug 2023 10:30:04,0.00739729431101692,0.00754837255309829,-0.00061581850969509
07 Aug 2023 10:35:04,0.00633102307093275,0.00646022082855179,-0.00052695458516829
07 Aug 2023 10:40:04,0.00558883246464516,0.0057030504965288,-0.000465109616572643
07 Aug 2023 10:45:04,0.00529571113744923,0.0054043935071285,-0.000440685341765718
07 Aug 2023 10:50:04,0.00545622186523115,0.00556889995441565,-0.000454058537244665
07 Aug 2023 10:55:04,0.00607175075136953,0.00619798924631252,-0.000505346426129231
07 Aug 2023 11:00:04,0.00213763532963767,0.0100100869474393,0.000329294155872808
07 Aug 2023 11:05:04,0,0,0
07 Aug 2023 11:10:04,0.00677376000348545,0.00608627823242776,0.000660323362186908
07 Aug 2023 11:15:04,0.00808908661393557,0.00430935055644793,0.000503783835890784
07 Aug 2023 11:20:04,0,0,0
07 Aug 2023 11:25:04,0.00667695571387533,0.00489929110838782,-0.000463688677949831
07 Aug 2023 11:30:04,0.00532588505847803,0.00543720550991039,-0.000443761553222803
07 Aug 2023 11:35:04,0.00536213236996259,0.00547358146981716,-0.000446779064357538
07 Aug 2023 11:40:04,0.00585252852415851,0.00597352051373117,-0.000487594376013775
07 Aug 2023 11:45:04,0.0067661845860446,0.00690548366250941,-0.000563629410444337
07 Aug 2023 11:50:04,0.00784565136263445,0.00800671358401002,-0.000653437936964619
07 Aug 2023 11:55:04,0.0084156209571245,0.00858801218402674,-0.000700788429498606
07 Aug 2023 12:00:04,0.00795558211045479,0.00811821994855042,-0.000662362810153179
07 Aug 2023 12:05:04,0.00689509200922611,0.00703583348534948,-0.000573961436089005
07 Aug 2023 12:10:04,0.00594246586437475,0.00606377504486502,-0.000494576300379005
07 Aug 2023 12:15:04,0.00540033086766921,0.00551087184659665,-0.000449402769290084
07 Aug 2023 12:20:04,0.0053125693910989,0.00542188919336306,-0.000442089611317765
07 Aug 2023 12:25:04,0.00567909628310343,0.0057967425226107,-0.000472628770916189
07 Aug 2023 12:30:04,-0.00912798365018617,0.0220694783148374,-8.33298444086965e-05
07 Aug 2023 12:35:04,0,0,0
07 Aug 2023 12:40:04,0.00590402999473015,0.00697757893500994,0.000664640769349302
07 Aug 2023 12:45:04,0.00747853548390985,0.00521552427989203,0.000604101763349637
07 Aug 2023 12:50:04,0,0,0
07 Aug 2023 12:55:04,0.019581448036958,-0.0078350682772051,-0.000244803357828903
07 Aug 2023 13:00:04,0.00549860736630213,0.00561385118253014,-0.000458136909759778
07 Aug 2023 13:05:04,0.00528672531968618,0.00539694979824829,-0.000440502580416633
07 Aug 2023 13:10:04,0.00552788076525051,0.00564248311531108,-0.000460574460058427
07 Aug 2023 13:15:04,0.00622014773211833,0.00634847326270996,-0.000518189152206274
07 Aug 2023 13:20:04,0.00726446398086088,0.00741380606570532,-0.000605089905058441
07 Aug 2023 13:25:04,0.00821369715714546,0.00838214257453485,-0.000684037820343224
07 Aug 2023 13:30:04,0.00832936506239372,0.00849983048814481,-0.000693551014020177
07 Aug 2023 13:35:04,0.00750048597097436,0.00765369516267967,-0.000624419991108091
07 Aug 2023 13:40:04,0.00642330503221754,0.00655438709081887,-0.000534644368554892
07 Aug 2023 13:45:04,0.00564147100424597,0.00575673786193845,-0.000469495527298829
07 Aug 2023 13:50:04,0.00530498442288817,0.00541380517479126,-0.000441457991809853
07 Aug 2023 13:55:04,0.00542217546755834,0.0055340818393641,-0.000451221821486886
07 Aug 2023 14:00:04,0.00599445867722642,0.00611901670157126,-0.000498906129813576
07 Aug 2023 14:05:04,-0.00119929787706952,0.0137198155837666,0.000226058382021389
07 Aug 2023 14:10:04,0,0,0
07 Aug 2023 14:15:04,0.00673383016624119,0.00613144011347115,0.000661118261030848
07 Aug 2023 14:20:04,0.00806144404164336,0.00435435533316378,0.000508894708922129
07 Aug 2023 14:25:04,0,0,0
07 Aug 2023 14:30:04,0.0100817094387436,0.00151473119567869,-0.000417952426464647
07 Aug 2023 14:35:04,0.00534727198194727,0.00545909286764505,-0.000445541653413803
07 Aug 2023 14:40:04,0.00534005115354912,0.00545109847884925,-0.000444941184300431
07 Aug 2023 14:45:04,0.00578629066994418,0.00590596591254972,-0.000482081464992743
07 Aug 2023 14:50:04,0.00666350042010305,0.00680072803403358,-0.000555084281494873
07 Aug 2023 14:55:04,0.00774908828859617,0.00790820147726356,-0.00064540587875953
07 Aug 2023 15:00:04,0.00840117263408374,0.00857329937156767,-0.000699596432060801
07 Aug 2023 15:05:04,0.00803684028265357,0.00820116925358662,-0.000669139511661859
07 Aug 2023 15:10:04,0.00700046954104301,0.00714337667725646,-0.00058274351765824
07 Aug 2023 15:15:04,0.00601837787166646,0.00614122484735953,-0.00050090165887733
07 Aug 2023 15:20:04,0.00543336500738176,0.00554454262061101,-0.000452155179688948
07 Aug 2023 15:25:04,0.00530236300328646,0.00541141141694817,-0.000441239231320411
07 Aug 2023 15:30:04,0.0056249118376074,0.00574136248161202,-0.000468114064524563
07 Aug 2023 15:35:04,-0.0078379943461923,0.020644301473693,-0.000136206745384116
07 Aug 2023 15:40:04,0,0,0
07 Aug 2023 15:45:04,0.00546927389705752,0.00736349155135873,0.000645252013414477
07 Aug 2023 15:50:04,0.00748055953034011,0.00521329562506712,0.000603128786989453
07 Aug 2023 15:55:04,0,0,0
07 Aug 2023 16:00:04,0.0190044211153163,-0.00722211400023847,-0.000196059857480293
07 Aug 2023 16:05:04,0.005544282456736,0.00566053130973434,-0.000461938510681398
07 Aug 2023 16:10:04,0.00528868773535003,0.00539900988519505,-0.000440665935172676
07 Aug 2023 16:15:04,0.00548579109626991,0.00559957736919931,-0.000457071283404879
07 Aug 2023 16:20:04,0.00613488285101581,0.00626149821478632,-0.000511092986540802
07 Aug 2023 16:25:04,0.00715638973731265,0.00730354822280197,-0.000596097489319686
07 Aug 2023 16:30:04,0.00814623377500396,0.00831332759072907,-0.000678430314098584
07 Aug 2023 16:35:04,0.00836446975468077,0.00853568573406008,-0.000696485415679098
07 Aug 2023 16:40:04,0.00760294528106036,0.00775827250056222,-0.000632960899823011
07 Aug 2023 16:45:04,0.00651931605934695,0.00665236081714117,-0.000542645037693188
07 Aug 2023 16:50:04,0.00569865270334793,0.00581506300400625,-0.000474260015243996
07 Aug 2023 16:55:04,0.00531866670439449,0.00542771752379278,-0.000442597981696567
07 Aug 2023 17:00:04,0.00539202498658979,0.00550324068407591,-0.000448709703065168
07 Aug 2023 17:05:04,0.00592031665913446,0.00604325955925947,-0.000492728343522517
07 Aug 2023 17:10:04,-0.00381754414236592,0.0165668046582679,0.000146219476975036
07 Aug 2023 17:15:04,0,0,0
07 Aug 2023 17:20:04,0.00627453805548698,0.00661962906746234,0.000668982952528449
07 Aug 2023 17:25:04,0.00802841263796706,0.00440765231431373,0.000515151628330317
07 Aug 2023 17:30:04,0,0,0
07 Aug 2023 17:35:04,0.0129305418071684,-0.00128923190908681,-0.000382428604645921
07 Aug 2023 17:40:04,0.00537290558715214,0.00548531580209367,-0.000447675210286307
07 Aug 2023 17:45:04,0.00532198947486369,0.00543271914551069,-0.000443437871080285
07 Aug 2023 17:50:04,0.0057240942598478,0.00584253717340858,-0.000476904919036295
07 Aug 2023 17:55:04,0.00656363619707239,0.00669885151340103,-0.00054677373995033
07 Aug 2023 18:00:04,0.00764921000042166,0.00780630682237198,-0.000637097522130587
07 Aug 2023 18:05:04,0.00837756723879277,0.00854924224289999,-0.000697641893496441
07 Aug 2023 18:10:04,0.00811247363096391,0.00827837991043626,-0.000675448099264041
07 Aug 2023 18:15:04,0.00710725935149673,0.00725236329762379,-0.00059164354880079
07 Aug 2023 18:20:04,0.00609866711348862,0.00622314371997683,-0.000507591794856528
07 Aug 2023 18:25:04,0.0054711593886442,0.00558307319720549,-0.000455304191949992
07 Aug 2023 18:30:04,0.00529634143321714,0.00540520612254874,-0.000440737514438533
07 Aug 2023 18:35:04,0.00557490555267584,0.00569024819466725,-0.000463947492890063
07 Aug 2023 18:40:04,-0.0071170868055102,0.019761310476082,-0.000157756697872593
07 Aug 2023 18:45:04,0,0,0
07 Aug 2023 18:50:04,0.00532354062187366,0.00748530706697844,0.000635693865995939
07 Aug 2023 18:55:04,0.00700304513625461,0.00582049433696702,0.000646285637492092
07 Aug 2023 19:00:04,0,0,0
07 Aug 2023 19:05:04,0.0190888403000696,-0.00720323084878944,-0.000173529551754061
07 Aug 2023 19:10:04,0.00559362072108907,0.00571095071560544,-0.00046604496115478
07 Aug 2023 19:15:04,0.0052942819455958,0.00540477738373979,-0.000441131562110893
07 Aug 2023 19:20:04,0.00544763790440024,0.00556068994618601,-0.00045389573683799
07 Aug 2023 19:25:04,0.00605358525316024,0.0061785728644794,-0.000504326954144272
07 Aug 2023 19:30:04,0.00704867592339953,0.00719365878433145,-0.000587134789173646
07 Aug 2023 19:35:04,0.00807128589467558,0.00823687459537742,-0.00067219934424441
07 Aug 2023 19:40:04,0.00838988240906741,0.00856165076213044,-0.000698612833516986
07 Aug 2023 19:45:04,0.00770281149055733,0.00786020543867336,-0.000641286185386673
07 Aug 2023 19:50:04,0.00661834204240769,0.0067534135679854,-0.000550897073602073
07 Aug 2023 19:55:04,0.00576048828784015,0.00587813962080439,-0.000479412273953392
07 Aug 2023 20:00:04,0.00533666278248515,0.00544603413478765,-0.000444097379850059
07 Aug 2023 20:05:04,0.00536638737545484,0.00547700713955596,-0.000446573576600487
07 Aug 2023 20:10:04,0.00585056794802178,0.00597198798056666,-0.000486916647030666
07 Aug 2023 20:15:04,-0.00381052130877896,0.0164390142219761,0.000123760210813785
07 Aug 2023 20:20:04,0,0,0
07 Aug 2023 20:25:04,0.00610344738376496,0.00678917040987144,0.000667148445273441
07 Aug 2023 20:30:04,0.00791507961616967,0.00458581333474091,0.000536712620866209
07 Aug 2023 20:35:04,0,0,0
07 Aug 2023 20:40:04,0.0133827112093216,-0.00161030231419207,-0.000380040930424416
07 Aug 2023 20:45:04,0.00540235925518058,0.00551543808343466,-0.000450126707427428
07 Aug 2023 20:50:04,0.00530786087491167,0.00541835450177863,-0.000442261915519821
07 Aug 2023 20:55:04,0.0056659353235013,0.00578322953409655,-0.000472064378996713
07 Aug 2023 21:00:04,0.00646605120173504,0.00659930146384642,-0.0005386527111333
07 Aug 2023 21:05:04,0.00754586782023674,0.00770087726810079,-0.00062850041602757
07 Aug 2023 21:10:04,0.00834331264387924,0.00851431734510275,-0.00069480047815097
07 Aug 2023 21:15:04,0.00818069629896571,0.00834802902842358,-0.000681139808663815
07 Aug 2023 21:20:04,0.00721441756561962,0.00736172798623279,-0.000600574592915816
07 Aug 2023 21:25:04,0.00618305617968404,0.00630924868013555,-0.000514623609936626
07 Aug 2023 21:30:04,0.00551322438505395,0.00562596386810103,-0.00045880903875117
07 Aug 2023 21:35:04,0.00529464579099647,0.0054034174275687,-0.000440596213349738
07 Aug 2023 21:40:04,0.00552908046193124,0.00564340283400419,-0.000460129307707017
07 Aug 2023 21:45:04,-0.00688288608262471,0.01936318720958,-0.000163929117271053
07 Aug 2023 21:50:04,0,0,0
07 Aug 2023 21:55:04,0.00512827413253025,0.00764253035353529,0.000620991579601048
07 Aug 2023 22:00:04,0.00683248058816721,0.00602051191165011,0.000655246770622042
07 Aug 2023 22:05:04,0,0,0
07 Aug 2023 22:10:04,0.0196829738634193,-0.00765481916254666,-0.00016642509777153
07 Aug 2023 22:15:04,0.00564738995549293,0.00576589313882427,-0.000470520190361192
07 Aug 2023 22:20:04,0.00530418177799988,0.00541494006317936,-0.000441955570775344
07 Aug 2023 22:25:04,0.00541352399414558,0.00552592566519464,-0.00045105637986682
07 Aug 2023 22:30:04,0.00597574783952316,0.00609917944130628,-0.000497848827351639
07 Aug 2023 22:35:04,0.00694086717250977,0.00708367278600901,-0.000578163886004799
07 Aug 2023 22:40:04,0.00798861740073096,0.00815254244931737,-0.000665325242855914
07 Aug 2023 22:45:04,0.00840421920267178,0.0085763130131536,-0.000699818035048943
07 Aug 2023 22:50:04,0.00779878184908673,0.00795816423023945,-0.000649287399763127
07 Aug 2023 22:55:04,0.00672036666362173,0.00685752864635285,-0.000559399158997433
07 Aug 2023 23:00:04,0.00582677798123831,0.00594576357191361,-0.000484935696210683
07 Aug 2023 23:05:04,0.00535914204125327,0.00546892760160358,-0.000445970302537126
07 Aug 2023 23:10:04,0.00534492410204181,0.00545503524373406,-0.000444785244099482
07 Aug 2023 23:15:04,0.00578461043042592,0.00590458684897927,-0.000481420871293347
07 Aug 2023 23:20:04,-0.00430493317138715,0.0168737589287518,9.06963556262599e-05
07 Aug 2023 23:25:04,0,0,0
07 Aug 2023 23:30:04,0.0059549095502008,0.00693129090011479,0.000663508746292169
07 Aug 2023 23:35:04,0.00781254414400159,0.0047419196178822,0.000554101187857531
07 Aug 2023 23:40:04,0,0,0
07 Aug 2023 23:45:04,0.0144029304422838,-0.00251101521687613,-0.000369639441367367
07 Aug 2023 23:50:04,0.00543670093470707,0.00555055036804367,-0.000452985058702985
07 Aug 2023 23:55:04,0.0052980972368561,0.00540844586675514,-0.000441449285301145
08 Aug 2023 00:00:04,0.00561157381124879,0.00572779838177528,-0.000467539876795253
08 Aug 2023 00:05:04,0.00637049492537675,0.00650182254752646,-0.000530700373861768
08 Aug 2023 00:10:04,0.00743873333338902,0.00759157783754077,-0.000619587262369235
08 Aug 2023 00:15:04,0.00829785692748935,0.00846796147130047,-0.000691026278308285
08 Aug 2023 00:20:04,0.00824012835087704,0.00840870813612743,-0.000686099803250712
08 Aug 2023 00:25:04,0.00732196831513728,0.00747149532942091,-0.000609538742348016
08 Aug 2023 00:30:04,0.00627177102950928,0.00639977006291083,-0.000522015982702437
08 Aug 2023 00:35:04,0.00556005012034953,0.00567371445971096,-0.000462710567038635
08 Aug 2023 00:40:04,0.00529727937032932,0.00540604808334981,-0.000440815607351478
08 Aug 2023 00:45:04,0.00548695462118053,0.00560033371523132,-0.000456619352682791
08 Aug 2023 00:50:04,-0.00463989377696289,0.0169749499742534,-0.000224105680303845
08 Aug 2023 00:55:04,0,0,0
08 Aug 2023 01:00:04,0.00510899546352445,0.00765792999630815,0.000618689431098645
08 Aug 2023 01:05:04,0.00681410600035427,0.0060421812232621,0.000655359333461665
08 Aug 2023 01:10:04,0,0,0
08 Aug 2023 01:15:04,0.0180412005729111,-0.00600699420983707,-9.43011582280555e-05
08 Aug 2023 01:20:04,0.00570680208476445,0.0058265963286711,-0.000475465077450646
08 Aug 2023 01:25:04,0.00531892603584411,0.0054300485835966,-0.00044318281800074
08 Aug 2023 01:30:04,0.00538377525437792,0.00549561783042783,-0.000448580364390451
08 Aug 2023 01:35:04,0.00590121512766602,0.00602315980795731,-0.00049164569579078
08 Aug 2023 01:40:04,0.00683318560713446,0.00697381744093596,-0.000569203332307572
08 Aug 2023 01:45:04,0.0078984734120059,0.00806058167757593,-0.000657828479934672
08 Aug 2023 01:50:04,0.00840763166068273,0.00857982741671491,-0.000700113693806086
08 Aug 2023 01:55:04,0.0078913857057791,0.00805268942355872,-0.000657008684068367
08 Aug 2023 02:00:04,0.00682572197626734,0.0069650449932775,-0.000568178997971549
08 Aug 2023 02:05:04,0.00589784632839222,0.00601826594186573,-0.000490857342767781
08 Aug 2023 02:10:04,0.00538577745467941,0.00549606374057744,-0.000448189533378359
08 Aug 2023 02:15:04,0.00532691226495563,0.00543658654937996,-0.000443284503383115
08 Aug 2023 02:20:04,0.00572110761624813,0.00583969122807473,-0.000476129692693042
08 Aug 2023 02:25:04,-0.00723273515882372,0.0199968899888123,1.02040466071185e-05
08 Aug 2023 02:30:04,0,0,0
08 Aug 2023 02:35:04,0.00600189128299914,0.00688710547958871,0.000663908718526117
08 Aug 2023 02:40:04,0.00754976307516714,0.00511963836714117,0.000592168576271747
08 Aug 2023 02:45:04,0,0,0
08 Aug 2023 02:50:04,0.0179706338602304,-0.0060708616709618,-0.000320253448915902
08 Aug 2023 02:55:04,0.00547614280096553,0.00559086981380217,-0.000456267905627262
08 Aug 2023 03:00:04,0.00529272307192736,0.00540301888483985,-0.000441002019761337
08 Aug 2023 03:05:04,0.00556096775380507,0.0056762015055516,-0.000463327940010872
08 Aug 2023 03:10:04,0.0062771913392675,0.00640664395285659,-0.000522935423236639
08 Aug 2023 03:15:04,0.00732904275944027,0.0074796708219181,-0.000610461053860034
08 Aug 2023 03:20:04,0.00824297971448858,0.00841199145675921,-0.000686467517121763
08 Aug 2023 03:25:04,0.00829253448353709,0.00846221886271685,-0.000690475046088551
08 Aug 2023 03:30:04,0.00743055320335742,0.00758232050258132,-0.000618589436452393
08 Aug 2023 03:35:04,0.00636539455442134,0.00649530304332348,-0.000529817462131341
08 Aug 2023 03:40:04,0.00561169049741153,0.00572638010855397,-0.000467013271776641
08 Aug 2023 03:45:04,0.00530382930163157,0.0054126766949406,-0.000441361321133853
08 Aug 2023 03:50:04,0.0054482629699015,0.00556077031521137,-0.000453395559806582
08 Aug 2023 03:55:04,4.57782640187282e-05,0.0121473847648496,-0.0003414620775462
08 Aug 2023 04:00:04,0,0,0
08 Aug 2023 04:05:04,0.00475534733563485,0.00792452419052839,0.000587048741613342
08 Aug 2023 04:10:04,0.00686653710224529,0.00598178636438015,0.000652155757960701
08 Aug 2023 04:15:04,0,0,0
08 Aug 2023 04:20:04,0.0140123676717844,-0.00211692156536583,4.73295455151413e-05
08 Aug 2023 04:25:04,0.00577096718051101,0.00589215187032789,-0.000480805495912823
08 Aug 2023 04:30:04,0.00533808052702102,0.00544965990544089,-0.000444777136678436
08 Aug 2023 04:35:04,0.00535789541603813,0.00546926013395667,-0.000446426366298634
08 Aug 2023 04:40:04,0.00582999493487683,0.00595052227048458,-0.000485718226011066
08 Aug 2023 04:45:04,0.0067260953890078,0.00686456680995364,-0.000560291801978392
08 Aug 2023 04:50:04,0.00780253258683122,0.00796270593848183,-0.000649848846188129
08 Aug 2023 04:55:04,0.00840078650452284,0.00857287466150494,-0.000699555312139678
08 Aug 2023 05:00:04,0.00798002666026003,0.00814317241221963,-0.000664400371119655
08 Aug 2023 05:05:04,0.00693403937812629,0.00707558645828972,-0.000577205911789642
08 Aug 2023 05:10:04,0.00597399591165803,0.00609595562387266,-0.00049720242526085
08 Aug 2023 05:15:04,0.00541732487344323,0.00552821414803088,-0.000450818022103359
08 Aug 2023 05:20:04,0.00531340165437171,0.00542273283107511,-0.000442158780396146
08 Aug 2023 05:25:04,0.00566209577213688,0.00577938011929673,-0.000471212694913682
08 Aug 2023 05:30:04,-0.00875253553884462,0.0215521584079465,-5.26430059870085e-05
08 Aug 2023 05:35:04,0,0,0
08 Aug 2023 05:40:04,0.00563339820616861,0.00722331222323354,0.000650738613322769
08 Aug 2023 05:45:04,0.0072587309868571,0.00550594639307897,0.000623814354010738
08 Aug 2023 05:50:04,0,0,0
08 Aug 2023 05:55:04,0.0199593173911558,-0.00805081549803718,-0.000276039936936167
08 Aug 2023 06:00:04,0.00552021939204366,0.00563592069841446,-0.000459936490057576
08 Aug 2023 06:05:04,0.00529170682571579,0.00540204086794425,-0.000440917483865683
08 Aug 2023 06:10:04,0.00551465726759618,0.00562898980498096,-0.000459473527769425
08 Aug 2023 06:15:04,0.00618738362810908,0.00631503421143456,-0.000515461344544795
08 Aug 2023 06:20:04,0.00721824585850087,0.00736663554910202,-0.000601242439514385
08 Aug 2023 06:25:04,0.00817878362107344,0.00834651161621677,-0.00068113262000046
08 Aug 2023 06:30:04,0.00833499609333439,0.00850558193576747,-0.000694022397116213
08 Aug 2023 06:35:04,0.00753745406849189,0.00769142906546995,-0.00062750029429403
08 Aug 2023 06:40:04,0.00646251863066993,0.00659441037119403,-0.000537910792943157
08 Aug 2023 06:45:04,0.00566815143653513,0.00578396692706831,-0.000471717655048911
08 Aug 2023 06:50:04,0.00531529583062184,0.00542432443832812,-0.000442316654343142
08 Aug 2023 06:55:04,0.00541454093003118,0.00552628026841035,-0.000450585797603105
08 Aug 2023 07:00:04,0.00460421648920321,0.00744946614672502,-0.000459099358658697
08 Aug 2023 07:05:04,0,0,0
08 Aug 2023 07:10:04,0.00474457429627256,0.00793269282882861,0.000585334909223153
08 Aug 2023 07:15:04,0.00645545203547338,0.00643489764190147,0.000664760232295895
08 Aug 2023 07:20:04,0,0,0
08 Aug 2023 07:25:04,0.0100801372147549,0.00164483196215584,0.000194900160122297
08 Aug 2023 07:30:04,0.00583964928215736,0.00596231813538055,-0.00048652181489688
08 Aug 2023 07:35:04,0.0053617501018695,0.00547388032758653,-0.000446747259445734
08 Aug 2023 07:40:04,0.00533655250038269,0.00544753374476032,-0.000444649998084656
08 Aug 2023 07:45:04,0.00576319819613975,0.00588240005368393,-0.000480158888403504
08 Aug 2023 07:50:04,0.00662145161531171,0.00675781364260081,-0.000551583692136164
08 Aug 2023 07:55:04,0.00770179172332291,0.00785993185732213,-0.000641469207587095
08 Aug 2023 08:00:04,0.00838224215874128,0.00855398277301772,-0.000698022680615173
08 Aug 2023 08:05:04,0.008061621434337,0.00822646599536861,-0.00067120560199177
08 Aug 2023 08:10:04,0.00704345761910783,0.00718725349248994,-0.000586324864993934
08 Aug 2023 08:15:04,0.00605454376908579,0.00617813587010449,-0.000503914056874646
08 Aug 2023 08:20:04,0.00545365933038833,0.00556525167509846,-0.000453845361371706
08 Aug 2023 08:25:04,0.0053046385927774,0.00541372599206395,-0.000441428595528373
08 Aug 2023 08:30:04,0.00560773563603924,0.00572381812046032,-0.000466683282245259
08 Aug 2023 08:35:04,-0.00862771964374127,0.0213129357377714,-8.87428456858996e-05
08 Aug 2023 08:40:04,0,0,0
08 Aug 2023 08:45:04,0.0055715139702769,0.0072778158437089,0.000647056465080103
08 Aug 2023 08:50:04,0.00720751252710292,0.00557155976132491,0.000627788133492102
08 Aug 2023 08:55:04,0,0,0
08 Aug 2023 09:00:04,0.0205259472466411,-0.00854236541463501,-0.000246996498639598
08 Aug 2023 09:05:04,0.00556881375714889,0.00568558328733266,-0.000463981075749365
08 Aug 2023 09:10:04,0.00529528575002134,0.00540575364784405,-0.000441215431039874
08 Aug 2023 09:15:04,0.00547290234458777,0.00558642828005985,-0.000455998279067589
08 Aug 2023 09:20:04,0.00610104500497705,0.00622696553435151,-0.000508275884708012
08 Aug 2023 09:25:04,0.00710661596518864,0.00725275055777607,-0.000591954139368557
08 Aug 2023 09:30:04,0.00810553138251504,0.00827178977337948,-0.000675043398292148
08 Aug 2023 09:35:04,0.00836665818294434,0.00853792457031126,-0.000696670595505912
08 Aug 2023 09:40:04,0.00764181192854443,0.00779794442880824,-0.000636199758000033
08 Aug 2023 09:45:04,0.0065632413345266,0.00669719246403505,-0.000546304134657508
08 Aug 2023 09:50:04,0.00572952304931066,0.00584656721532154,-0.000476831218905631
08 Aug 2023 09:55:04,0.00533138013521853,0.00544068658181602,-0.000443656726378257
08 Aug 2023 10:00:04,0.00538536890333828,0.00549643554423655,-0.000448155132122532
08 Aug 2023 10:05:04,0.00583345506842534,0.00607403912660549,-0.000488801078025492
08 Aug 2023 10:10:04,0.00272390176127077,0.00911240644514127,0.000282318684284753
08 Aug 2023 10:15:04,0,0,0
08 Aug 2023 10:20:04,0.00631416721061397,0.00658145797214909,0.000665242981568807
08 Aug 2023 10:25:04,0.00776283305233674,0.00481705744852189,0.000560080583516223
08 Aug 2023 10:30:04,0,0,0
08 Aug 2023 10:35:04,0.00591300363680224,0.00603725356412542,-0.000492626952563188
08 Aug 2023 10:40:04,0.00539007098557544,0.00550284890728262,-0.000449104525810971
08 Aug 2023 10:45:04,0.00531971370453522,0.00543040518539886,-0.00044324852848061
08 Aug 2023 10:50:04,0.00570064130300057,0.00581860571240498,-0.000474952397956581
08 Aug 2023 10:55:04,0.00651885094669212,0.00665314615187528,-0.000543045423786122
08 Aug 2023 11:00:04,0.00759652078468204,0.00775253490573124,-0.000632712047211412
08 Aug 2023 11:05:04,0.00835235186067935,0.00852351229247307,-0.000695545200974136
08 Aug 2023 11:10:04,0.00813576444198486,0.00830215628772125,-0.000677390597602429
08 Aug 2023 11:15:04,0.00715416430974721,0.00730023776648665,-0.000595551492596588
08 Aug 2023 11:20:04,0.00613994311020641,0.00626526942503867,-0.000511029988497178
08 Aug 2023 11:25:04,0.00549509797039777,0.00560750016622255,-0.000457297965973689
08 Aug 2023 11:30:04,0.00530060536321708,0.00540954803327726,-0.000441092475615671
08 Aug 2023 11:35:04,0.00555770720705601,0.00567267864146884,-0.000462514806158385
08 Aug 2023 11:40:04,-0.00817393865832655,0.020677356849173,-9.4945189937652e-05
08 Aug 2023 11:45:04,0,0,0
08 Aug 2023 11:50:04,0.00533164024495248,0.00748049675153198,0.000632400019467758
08 Aug 2023 11:55:04,0.00700570131981673,0.0058194873655291,0.000642420592863125
08 Aug 2023 12:00:04,0,0,0
08 Aug 2023 12:05:04,0.0211350622519894,-0.00897318454429611,-0.000247437321216324
08 Aug 2023 12:10:04,0.00562229888893723,0.00574023846791417,-0.000468432710142061
08 Aug 2023 12:15:04,0.00530301700718484,0.00541370535775948,-0.000441858982185305
08 Aug 2023 12:20:04,0.00543502063244249,0.00554782064663807,-0.000452845381945082
08 Aug 2023 12:25:04,0.00601809254274756,0.00614235354269219,-0.00050137216214995
08 Aug 2023 12:30:04,0.00699423257814241,0.00713809716379325,-0.000582602803809651
08 Aug 2023 12:35:04,0.00802320855837859,0.00818781125376765,-0.000668198671518316
08 Aug 2023 12:40:04,0.00838682301341869,0.0085585346529913,-0.000698361564353965
08 Aug 2023 12:45:04,0.00774360328164849,0.00790184273588965,-0.000644685915627626
08 Aug 2023 12:50:04,0.00666797924244719,0.00680407453885359,-0.000555032217822254
08 Aug 2023 12:55:04,0.00579621656567654,0.0059146006026832,-0.000482388233233878
08 Aug 2023 13:00:04,0.00535226110687427,0.00546194550793067,-0.000445396443728609
08 Aug 2023 13:05:04,0.00536027007102366,0.00547074908703951,-0.000446063851376711
08 Aug 2023 13:10:04,0.00582135036551947,0.00594214534773113,-0.000484482741707676
08 Aug 2023 13:15:04,0.00123461652506075,0.0107052627439296,0.000220265575556843
08 Aug 2023 13:20:04,0,0,0
08 Aug 2023 13:25:04,0.00618795406961843,0.00670822396633633,0.00066414109251576
08 Aug 2023 13:30:04,0.00766947526938951,0.00495210015940436,0.000573570910095145
08 Aug 2023 13:35:04,0,0,0
08 Aug 2023 13:40:04,0.00776093019636337,0.00428578540862076,-0.000468727093813744
08 Aug 2023 13:45:04,0.00542343641038861,0.00553696756806395,-0.00045188166321774
08 Aug 2023 13:50:04,0.0053070228891752,0.00541751145412034,-0.000442192304455568
08 Aug 2023 13:55:04,0.00564146954619911,0.0057582673730349,-0.0004700276091416
08 Aug 2023 14:00:04,0.00641757382754606,0.00654983043817549,-0.000534617134569671
08 Aug 2023 14:05:04,0.00748611569641643,0.00763989894381181,-0.000623527139285771
08 Aug 2023 14:10:04,0.0083101942866158,0.00848052312108394,-0.000692046241848182
08 Aug 2023 14:15:04,0.00820244702919588,0.00837023472651059,-0.000682954743541891
08 Aug 2023 14:20:04,0.00726653193110628,0.00741491946122593,-0.000604916913532709
08 Aug 2023 14:25:04,0.00623041387423062,0.00635758041030803,-0.000518568608319314
08 Aug 2023 14:30:04,0.00554124948503652,0.00565455948804485,-0.000461143290544525
08 Aug 2023 14:35:04,0.00530069493771906,0.00540957838430857,-0.000441099875600742
08 Aug 2023 14:40:04,0.00551143180751289,0.00562536988743787,-0.000458659042464296
08 Aug 2023 14:45:04,-0.00750578137586757,0.019890851633455,-0.000139947236750809
08 Aug 2023 14:50:04,0,0,0
08 Aug 2023 14:55:04,0.00488828394508504,0.00782843266923068,0.000596759175510804
08 Aug 2023 15:00:04,0.00700128590762623,0.00582502797571243,0.000641904885478174
08 Aug 2023 15:05:04,0,0,0
08 Aug 2023 15:10:04,0.0210369491367154,-0.00883522657378136,-0.000199415700051924
08 Aug 2023 15:15:04,0.00568186942687966,0.00580110646760235,-0.000473390823967072
08 Aug 2023 15:20:04,0.00531618718511101,0.00542721011321262,-0.000442955261889245
08 Aug 2023 15:25:04,0.00540161962999848,0.00551378772730539,-0.000450065439063771
08 Aug 2023 15:30:04,0.00593793986161664,0.00606060030831891,-0.000494701387460941
08 Aug 2023 15:35:04,0.00688128071712213,0.0070228648319264,-0.000573203904844499
08 Aug 2023 15:40:04,0.00793314991348627,0.00809593897955411,-0.000660709650691999
08 Aug 2023 15:45:04,0.00839628858168561,0.0085682270895573,-0.00069916180297107
08 Aug 2023 15:50:04,0.00784229926811617,0.00800258434155166,-0.000652914785982057
08 Aug 2023 15:55:04,0.00677632760682476,0.00691464337107007,-0.000564061398313787
08 Aug 2023 16:00:04,0.00586775509156141,0.00598757992888887,-0.000488349029063862
08 Aug 2023 16:05:04,0.00537800316965856,0.00548816644868795,-0.00044754119067747
08 Aug 2023 16:10:04,0.0053397742068006,0.00544976113269786,-0.000444356066831773
08 Aug 2023 16:15:04,0.00575369403646938,0.00587300604529429,-0.000478845367613922
08 Aug 2023 16:20:04,-0.00191355875586657,0.0141445930590947,0.000124597845905065
08 Aug 2023 16:25:04,0,0,0
08 Aug 2023 16:30:04,0.00572242119432363,0.00714605151861558,0.000652088837079313
08 Aug 2023 16:35:04,0.00764303009818578,0.0049900657773559,0.000576711113327581
08 Aug 2023 16:40:04,0,0,0
08 Aug 2023 16:45:04,0.0119423081062198,0.000133334669038574,-0.000408474818128322
08 Aug 2023 16:50:04,0.00546215613126718,0.00557655266642446,-0.000455104446495634
08 Aug 2023 16:55:04,0.00529935790928819,0.00540974885553242,-0.000441554422520951
08 Aug 2023 17:00:04,0.00558687355087481,0.00570260052239442,-0.000465483670489228
08 Aug 2023 17:05:04,0.00631931180141655,0.00644959317361497,-0.00052643967980516
08 Aug 2023 17:10:04,0.0073738197440775,0.00752533443220523,-0.000614184518270665
08 Aug 2023 17:15:04,0.00825873375067226,0.00842804095129158,-0.000687772543917019
08 Aug 2023 17:20:04,0.00826088677177484,0.00842990274223375,-0.000687832773382438
08 Aug 2023 17:25:04,0.00737911016412018,0.00752981849695801,-0.000614300293260199
08 Aug 2023 17:30:04,0.00632521965057158,0.00645431753012885,-0.000526468566533672
08 Aug 2023 17:35:04,0.00559280645048079,0.0057071371247059,-0.000465438997927643
08 Aug 2023 17:40:04,0.00530568669400143,0.00541461331246576,-0.000441515703366892
08 Aug 2023 17:45:04,0.00546978563180843,0.00558278716475096,-0.0004551889855489
08 Aug 2023 17:50:04,-0.00674122383996428,0.0189757160696413,-0.00016521747130687
08 Aug 2023 17:55:04,0,0,0
08 Aug 2023 18:00:04,0.00476235726773181,0.00792174070151866,0.000584232505182691
08 Aug 2023 18:05:04,0.00689016235014014,0.00595612352437653,0.000647856890452185
08 Aug 2023 18:10:04,0,0,0
08 Aug 2023 18:15:04,0.0210432664998269,-0.0087327011889342,-0.000171157220370773
08 Aug 2023 18:20:04,0.00574587447908256,0.00586650117045804,-0.000478717963874987
08 Aug 2023 18:25:04,0.00533370881607454,0.00544515708981298,-0.000444413711732377
08 Aug 2023 18:30:04,0.00537275592004219,0.00548438665098309,-0.000447663145130513
08 Aug 2023 18:35:04,0.00586261054556811,0.00598377079905904,-0.000488432030322897
08 Aug 2023 18:40:04,0.00677050169652972,0.00690985095283712,-0.000563985627333957
08 Aug 2023 18:45:04,0.00783711390880168,0.00799796705966076,-0.000652722605370607
08 Aug 2023 18:50:04,0.00839455264648903,0.0085664888156168,-0.000699029293470868
08 Aug 2023 18:55:04,0.00793609154070023,0.00809832359513317,-0.000660735640539044
08 Aug 2023 19:00:04,0.00688700558162778,0.00702759208804643,-0.00057328493725823
08 Aug 2023 19:05:04,0.00594454749159035,0.0060659233498481,-0.00049474761275379
08 Aug 2023 19:10:04,0.00540867001847516,0.00551941539877968,-0.000450096259269013
08 Aug 2023 19:15:04,0.00532407682445478,0.00543367235856067,-0.000443048078863805
08 Aug 2023 19:20:04,0.00569125293406105,0.00580919140596765,-0.000473642540676326
08 Aug 2023 19:25:04,-0.00247449921976158,0.0146604602169173,8.77802947109785e-05
08 Aug 2023 19:30:04,0,0,0
08 Aug 2023 19:35:04,0.0055611787054383,0.00728812880206031,0.000644095719440044
08 Aug 2023 19:40:04,0.00752305800668689,0.00515753529020856,0.000592230043109478
08 Aug 2023 19:45:04,0,0,0
08 Aug 2023 19:50:04,0.013080496115067,-0.000866763996525624,-0.000396543792013982
08 Aug 2023 19:55:04,0.0055051210570306,0.00562047104027476,-0.000458680536360629
08 Aug 2023 20:00:04,0.00529591995186541,0.00540630104511083,-0.000441268355127946
08 Aug 2023 20:05:04,0.00553686725710874,0.00565161853335207,-0.000461321712430527
08 Aug 2023 20:10:04,0.00622499657777263,0.00635338453514386,-0.000518590584159648
08 Aug 2023 20:15:04,0.00725997415416036,0.00740918879046838,-0.000604712496734828
08 Aug 2023 20:20:04,0.00819680349046871,0.00836487415188509,-0.000682626811447715
08 Aug 2023 20:25:04,0.00830916849873197,0.00847920534071744,-0.000691865094870088
08 Aug 2023 20:30:04,0.00749001015094469,0.00764300707613649,-0.000623544288395695
08 Aug 2023 20:35:04,0.00642397011089581,0.00655508274920805,-0.000534697339886269
08 Aug 2023 20:40:04,0.005649153795618,0.00576460562633623,-0.000470133863767766
08 Aug 2023 20:45:04,0.00531556975831474,0.00542464211541307,-0.000442339056257149
08 Aug 2023 20:50:04,0.00543302996089323,0.00554519761051266,-0.00045212640295101
08 Aug 2023 20:55:04,-0.00626993902257885,0.0183519768377335,-0.000177925280869341
08 Aug 2023 21:00:04,0,0,0
08 Aug 2023 21:05:04,0.00457270788930691,0.00805755223101536,0.00056406402984729
08 Aug 2023 21:10:04,0.00671790690814555,0.0061526276126836,0.000655043650822266
08 Aug 2023 21:15:04,0,0,0
08 Aug 2023 21:20:04,0.0214811243800862,-0.00901509690783609,-0.000158881853786472
08 Aug 2023 21:25:04,0.0058145112296077,0.0059366235133441,-0.000484430554595702
08 Aug 2023 21:30:04,0.00535587543866065,0.00546784557262182,-0.000446258775323287
08 Aug 2023 21:35:04,0.00534849056269255,0.0054596793595207,-0.000445643578079613
08 Aug 2023 21:40:04,0.00579160590484677,0.00591135556468558,-0.00048252254976179
08 Aug 2023 21:45:04,0.0066613906115256,0.00679853975183225,-0.000554905906383955
08 Aug 2023 21:50:04,0.00773516770867134,0.00789396371206449,-0.000644243091117667
08 Aug 2023 21:55:04,0.00838040510757249,0.00855208445965655,-0.000697863225252575
08 Aug 2023 22:00:04,0.00802305198472974,0.00818709243176892,-0.000667987911762715
08 Aug 2023 22:05:04,0.00699950192081284,0.00714239894025801,-0.000582660281615791
08 Aug 2023 22:10:04,0.00602604571657569,0.0061490714230327,-0.000501538365762444
08 Aug 2023 22:15:04,0.00544434106776077,0.00555577330650027,-0.00045306827325029
08 Aug 2023 22:20:04,0.00531315095931155,0.00542245508817027,-0.00044213764049263
08 Aug 2023 22:25:04,0.00563327458907426,0.00574993307733364,-0.000468811584664304
08 Aug 2023 22:30:04,-0.00223946244384214,0.0142913619056525,6.69336544518861e-05
08 Aug 2023 22:35:04,0,0,0
08 Aug 2023 22:40:04,0.00535852449960729,0.0074594150061869,0.000631672403338981
08 Aug 2023 22:45:04,0.00736630719727595,0.0053680937123659,0.000609646362755487
08 Aug 2023 22:50:04,0,0,0
08 Aug 2023 22:55:04,0.0132485063978138,-0.000853682563542863,-0.000399483263413749
08 Aug 2023 23:00:04,0.00555336398520219,0.00566977729940138,-0.000462695919182551
08 Aug 2023 23:05:04,0.00529741179486116,0.00540788571575205,-0.000441392624405197
08 Aug 2023 23:10:04,0.00549144076750333,0.00560531155783446,-0.000457540923506474
08 Aug 2023 23:15:04,0.00613391933022075,0.006260481184193,-0.00051101084889963
08 Aug 2023 23:20:04,0.00714444191075718,0.00729132229508605,-0.000595099700741512
08 Aug 2023 23:25:04,0.00812420604678991,0.00829082122231466,-0.000676592631907694
08 Aug 2023 23:30:04,0.00834560005386797,0.00851641530051515,-0.000694910842030035
08 Aug 2023 23:35:04,0.00759876790346075,0.00775401159769431,-0.000632610332473062
08 Aug 2023 23:40:04,0.00652694956425591,0.0066601660837286,-0.00054327866412071
08 Aug 2023 23:45:04,0.00571087742447855,0.00582756269088837,-0.000475276713326557
08 Aug 2023 23:50:04,0.00533059339021038,0.00543991875261141,-0.00044359070016698
08 Aug 2023 23:55:04,0.00540103045052502,0.00551246354005962,-0.000449460092520877
09 Aug 2023 00:00:04,-0.00492095424652692,0.0168647649495186,-0.00021574523372231
09 Aug 2023 00:05:04,0,0,0
09 Aug 2023 00:10:04,0.00450658257589745,0.00810370466954489,0.000555960748028033
09 Aug 2023 00:15:04,0.0062450133637564,0.00665292571688081,0.000662040343842626
09 Aug 2023 00:20:04,0,0,0
09 Aug 2023 00:25:04,0.0205568784985263,-0.00803957932874194,-0.000103978276327869
09 Aug 2023 00:30:04,0.00588908263073413,0.00601280404936872,-0.000490637051437843
09 Aug 2023 00:35:04,0.00538352948293045,0.00549613605204991,-0.000448560589864011
09 Aug 2023 00:40:04,0.00532930222864815,0.00544015499843623,-0.000444046606736759
09 Aug 2023 00:45:04,0.00572502922918092,0.00584346049928794,-0.00047698157499335
09 Aug 2023 00:50:04,0.00655395189428098,0.00668893611345431,-0.000545965155527175
09 Aug 2023 00:55:04,0.00762731503242257,0.00778393293735621,-0.000635271464039371
09 Aug 2023 01:00:04,0.00835321383229674,0.00852436891477598,-0.000695611003147414
09 Aug 2023 01:05:04,0.00810242388465425,0.00826811858252643,-0.000674608653483664
09 Aug 2023 01:10:04,0.00711380189863529,0.00725904886166059,-0.000592186277571267
09 Aug 2023 01:15:04,0.00611259353263956,0.00623737476570129,-0.000508749967444387
09 Aug 2023 01:20:04,0.00548504413649171,0.00559726810519395,-0.00045645957511193
09 Aug 2023 01:25:04,0.00530675281458769,0.00541585985464808,-0.000441604449701488
09 Aug 2023 01:30:04,0.00557908439654911,0.00569454172880508,-0.000464296294636122
09 Aug 2023 01:35:04,-0.00495744028533627,0.0171813421034225,-1.02101715263652e-05
09 Aug 2023 01:40:04,0,0,0
09 Aug 2023 01:45:04,0.00536463288732423,0.00745466773855702,0.000631340247436714
09 Aug 2023 01:50:04,0.00702926487494768,0.00579257925325274,0.00063774807171942
09 Aug 2023 01:55:04,0,0,0
09 Aug 2023 02:00:04,0.0176032948093895,-0.00518510179418891,-0.000336873568429464
09 Aug 2023 02:05:04,0.00560759837167642,0.00572520029402838,-0.000467209971789535
09 Aug 2023 02:10:04,0.00530424466753751,0.00541492324313351,-0.000441961467796675
09 Aug 2023 02:15:04,0.00545073614071113,0.00556382518263046,-0.000454153150471726
09 Aug 2023 02:20:04,0.00604641680408709,0.0061712273793993,-0.000503728554306593
09 Aug 2023 02:25:04,0.00702823818757116,0.00717277155357156,-0.000585430711722356
09 Aug 2023 02:30:04,0.00804254784184083,0.0082075221365152,-0.000669803800830753
09 Aug 2023 02:35:04,0.00837146537271306,0.008542843466939,-0.000697076937925858
09 Aug 2023 02:40:04,0.00770580091648788,0.00786325851385291,-0.000641533203358028
09 Aug 2023 02:45:04,0.00663424586101663,0.00676965738275894,-0.000552219872264612
09 Aug 2023 02:50:04,0.00577783411071371,0.0058958621694102,-0.000480855633142106
09 Aug 2023 02:55:04,0.00534996516426733,0.00545963425973514,-0.000445204655595705
09 Aug 2023 03:00:04,0.00537296023825309,0.00548374072578105,-0.000447121198101942
09 Aug 2023 03:05:04,-0.0024460825682009,0.0142505470557822,-0.000276502892077908
09 Aug 2023 03:10:04,0,0,0
09 Aug 2023 03:15:04,0.0044899630939089,0.00811510894428965,0.000553497445736436
09 Aug 2023 03:20:04,0.00622758896736012,0.00667016122212575,0.000661358311366575
09 Aug 2023 03:25:04,0,0,0
09 Aug 2023 03:30:04,0.0180358066655738,-0.00556865007778515,-4.31858664496866e-06
09 Aug 2023 03:35:04,0.00596917595835185,0.00609462172765216,-0.000497303047785208
09 Aug 2023 03:40:04,0.00541647716689609,0.00552983116375111,-0.000451302999410733
09 Aug 2023 03:45:04,0.00531459486512405,0.00542520566217853,-0.000442822598559376
09 Aug 2023 03:50:04,0.0056622925306964,0.00577948600774196,-0.00047176017044657
09 Aug 2023 03:55:04,0.00644843280273414,0.00658129299801394,-0.000537184014691347
09 Aug 2023 04:00:04,0.00751521958014855,0.00766957336635602,-0.000625946312345206
09 Aug 2023 04:05:04,0.00831486246761784,0.00848526518872778,-0.000692429500646902
09 Aug 2023 04:10:04,0.00817533118958312,0.00834254962799066,-0.000680691467463048
09 Aug 2023 04:15:04,0.00723012599091199,0.00737776712264653,-0.000601881302269447
09 Aug 2023 04:20:04,0.00620466901778014,0.00633132150071334,-0.000516422244550518
09 Aug 2023 04:25:04,0.00553118942495442,0.00564431858005371,-0.000460304332666793
09 Aug 2023 04:30:04,0.00530515649155517,0.00541416652118955,-0.000441471337725867
09 Aug 2023 04:35:04,0.00552927935316596,0.00564362693252816,-0.000460146391843266
09 Aug 2023 04:40:04,-0.00687059756333799,0.0191562126238785,-7.21228900832161e-05
09 Aug 2023 04:45:04,0,0,0
09 Aug 2023 04:50:04,0.00496518375923226,0.0077716558746847,0.000600608396603524
09 Aug 2023 04:55:04,0.00706208471825358,0.00575289308713241,0.000634851856982238
09 Aug 2023 05:00:04,0,0,0
09 Aug 2023 05:05:04,0.020777054712857,-0.00834619308973049,-0.000283440890707615
09 Aug 2023 05:10:04,0.00566708830046337,0.00578598857459604,-0.000472161402067649
09 Aug 2023 05:15:04,0.00531594665003604,0.00542693182159879,-0.000442935579554476
09 Aug 2023 05:20:04,0.00541462829383617,0.00552703174543959,-0.000451147975127621
09 Aug 2023 05:25:04,0.00596288035162792,0.0060860226204583,-0.000496776289193035
09 Aug 2023 05:30:04,0.00691209857821505,0.00705428737447943,-0.000575766775042235
09 Aug 2023 05:35:04,0.00795260739692696,0.00811577145979993,-0.000662325108965413
09 Aug 2023 05:40:04,0.00838553872177134,0.00855723868591797,-0.000698261271520914
09 Aug 2023 05:45:04,0.00780906938307578,0.00796866579630975,-0.000650143044864115
09 Aug 2023 05:50:04,0.0067450498848948,0.00688273075337264,-0.000561453615889235
09 Aug 2023 05:55:04,0.00585036146661507,0.00596984859871642,-0.000486898760616836
09 Aug 2023 06:00:04,0.00537496695975477,0.00548509709061898,-0.00044728767870419
09 Aug 2023 06:05:04,0.00535014300315897,0.00546038042711216,-0.000445219950876781
09 Aug 2023 06:10:04,0.00203545151652178,0.00963418933094896,-0.000384056125021652
09 Aug 2023 06:15:04,0,0,0
09 Aug 2023 06:20:04,0.00412792887543877,0.0083541651812617,0.000509138099917013
09 Aug 2023 06:25:04,0.00583503079642523,0.00704545715290427,0.000653266638031333
09 Aug 2023 06:30:04,0,0,0
09 Aug 2023 06:35:04,0.0129245530463987,-0.000710765780374883,0.000176583985930934
09 Aug 2023 06:40:04,0.00605429014531689,0.00618156431341212,-0.000504386832762644
09 Aug 2023 06:45:04,0.0054546695512492,0.00556888026135709,-0.000454481929584531
09 Aug 2023 06:50:04,0.00530504623288327,0.00541552254609476,-0.000442027981076961
09 Aug 2023 06:55:04,0.00560459413872435,0.00572065461205856,-0.000466958093024026
09 Aug 2023 07:00:04,0.00634657601480254,0.0064773884718905,-0.000528707534583861
09 Aug 2023 07:05:04,0.00740046361335851,0.00755249925792505,-0.000616399271699214
09 Aug 2023 07:10:04,0.00826468634984672,0.00843409423569063,-0.000688263201905376
09 Aug 2023 07:15:04,0.00823772159322011,0.00840624907685765,-0.000685898785960369
09 Aug 2023 07:20:04,0.00734579996971384,0.00749582423844639,-0.00061152262237528
09 Aug 2023 07:25:04,0.00630114719849103,0.00642976356710846,-0.000524461510837235
09 Aug 2023 07:30:04,0.00558274855241505,0.00569689603344243,-0.000464600185696707
09 Aug 2023 07:35:04,0.00530899872124873,0.00541802540829738,-0.000441791333917396
09 Aug 2023 07:40:04,0.00548506867289115,0.00559842352220444,-0.000456462586447931
09 Aug 2023 07:45:04,-0.00722560267814434,0.0194359200881223,-0.000111439604027998
09 Aug 2023 07:50:04,0,0,0
09 Aug 2023 07:55:04,0.00492930289692732,0.00779920387295852,0.000596774506309493
09 Aug 2023 08:00:04,0.00664331501171989,0.00623617138286804,0.000655171549048691
09 Aug 2023 08:05:04,0,0,0
09 Aug 2023 08:10:04,0.0220264469017165,-0.00952934213464801,-0.000247179121577881
09 Aug 2023 08:15:04,0.00573172316272552,0.00585202861369096,-0.000477541008479649
09 Aug 2023 08:20:04,0.00533274957816167,0.00544414751184684,-0.000444334262720981
09 Aug 2023 08:25:04,0.00538371076935506,0.00549553650617192,-0.000448574807533979
09 Aug 2023 08:30:04,0.00588392192701536,0.00600549089339923,-0.000490204976918564
09 Aug 2023 08:35:04,0.00679733018892347,0.00693720326533307,-0.000566216667096481
09 Aug 2023 08:40:04,0.00785515906242884,0.00801635893062426,-0.000654220919780236
09 Aug 2023 08:45:04,0.00838634507837593,0.00855809503586917,-0.000698340880566367
09 Aug 2023 08:50:04,0.00790656249755386,0.00806818112397482,-0.000658272335069523
09 Aug 2023 08:55:04,0.00685837824406758,0.00699838278437292,-0.000570897976844907
09 Aug 2023 09:00:04,0.00592814110746326,0.00604919740743252,-0.00049337957421262
09 Aug 2023 09:05:04,0.00540530594561137,0.00551600875202039,-0.000449815386451557
09 Aug 2023 09:10:04,0.00533259330246943,0.00544239794008818,-0.000443757572864384
09 Aug 2023 09:15:04,0.00454723252944608,0.00699187823723361,-0.00044496243318005
09 Aug 2023 09:20:04,0,0,0
09 Aug 2023 09:25:04,0.00404118463426174,0.00840913467127992,0.000496882230885144
09 Aug 2023 09:30:04,0.00574197789201653,0.00713029668467786,0.000649192971390693
09 Aug 2023 09:35:04,0,0,0
09 Aug 2023 09:40:04,0.010008551431987,0.00207507609564413,0.000297428455523065
09 Aug 2023 09:45:04,0.00614424196815744,0.0062734445631214,-0.000511873143573572
09 Aug 2023 09:50:04,0.00549803914522153,0.00561321432478267,-0.000458091755410053
09 Aug 2023 09:55:04,0.00530057477038565,0.00541102229736493,-0.00044165596013024
09 Aug 2023 10:00:04,0.00555193069259245,0.00566696277245514,-0.000462575062600286
09 Aug 2023 10:05:04,0.00624811940451566,0.00637695480557544,-0.000520513887329355
09 Aug 2023 10:10:04,0.00728316373365627,0.007432829428809,-0.000606640043594132
09 Aug 2023 10:15:04,0.00820315710786683,0.00837133733185155,-0.000683151349060047
09 Aug 2023 10:20:04,0.00828951858823183,0.00845913895505318,-0.000690224209073763
09 Aug 2023 10:25:04,0.00746040856698641,0.00761279654974449,-0.00062107565683662
09 Aug 2023 10:30:04,0.00640231709260439,0.00653299619368336,-0.000532891842357494
09 Aug 2023 10:35:04,0.00563998412423093,0.0057552686943999,-0.000469369008434491
09 Aug 2023 10:40:04,0.00531816254811683,0.00542731724816786,-0.000442554703022497
09 Aug 2023 10:45:04,0.00544592972668638,0.0055583981025361,-0.00045320135861318
09 Aug 2023 10:50:04,-0.00671685997548153,0.0187712377774003,-0.000125974538949765
09 Aug 2023 10:55:04,0,0,0
09 Aug 2023 11:00:04,0.00472218885516978,0.00795269185061798,0.000576485042840511
09 Aug 2023 11:05:04,0.00644944849642391,0.00644448957830685,0.000658710337270325
09 Aug 2023 11:10:04,0,0,0
09 Aug 2023 11:15:04,0.022558378206861,-0.00987365439408151,-0.000241277880159875
09 Aug 2023 11:20:04,0.00580164979979215,0.00592347034858975,-0.000483361004461324
09 Aug 2023 11:25:04,0.00535462519547632,0.00546654156180839,-0.000446155159430729
09 Aug 2023 11:30:04,0.00535742025604142,0.00546876457707127,-0.000446386743620773
09 Aug 2023 11:35:04,0.00580935920215886,0.00592944623978886,-0.000483999450709257
09 Aug 2023 11:40:04,0.0066839171309985,0.00682150307899399,-0.000556779086865683
09 Aug 2023 11:45:04,0.00775084274046709,0.00790993771386756,-0.000645544528792904
09 Aug 2023 11:50:04,0.00837382365595697,0.00854535049886879,-0.000697310697647766
09 Aug 2023 11:55:04,0.00799759022040157,0.00816110028681903,-0.000665863629176811
09 Aug 2023 12:00:04,0.00697443606455551,0.00711682297744242,-0.000580570066290632
09 Aug 2023 12:05:04,0.00601166226488187,0.00613440799650434,-0.00050033883558082
09 Aug 2023 12:10:04,0.0054413160993972,0.00555271011708183,-0.0004528155999389
09 Aug 2023 12:15:04,0.00532009795017386,0.00542957556249959,-0.000442716311577345
09 Aug 2023 12:20:04,0.00483816777219588,0.00657725701200126,-0.000449275090465545
09 Aug 2023 12:25:04,0,0,0
09 Aug 2023 12:30:04,0.00386299654506528,0.00851860320676925,0.000471259402982245
09 Aug 2023 12:35:04,0.0055502663371621,0.00729930052987024,0.000639684914875059
09 Aug 2023 12:40:04,0,0,0
09 Aug 2023 12:45:04,0.00958565146735093,0.0025631382252435,0.000338749524929465
09 Aug 2023 12:50:04,0.00623948284126685,0.00637072339868237,-0.000519799537748018
09 Aug 2023 12:55:04,0.00554697072666401,0.0056632263514562,-0.000462164502476557
09 Aug 2023 13:00:04,0.00530094755820541,0.00541146741460058,-0.000441687138082912
09 Aug 2023 13:05:04,0.00550359757530921,0.00561769154244663,-0.000458552417802639
09 Aug 2023 13:10:04,0.006152873315082,0.00627979871932722,-0.000512587310913386
09 Aug 2023 13:15:04,0.0071633702844874,0.00731061545453666,-0.000596672856518971
09 Aug 2023 13:20:04,0.00812964885332085,0.00829635568899825,-0.000677041853164562
09 Aug 2023 13:25:04,0.00832957245070695,0.00850004584415185,-0.000693572045028035
09 Aug 2023 13:30:04,0.00757381114471233,0.00772854062082797,-0.000630528763311618
09 Aug 2023 13:35:04,0.00650840807229741,0.00664125339845159,-0.000541732398407569
09 Aug 2023 13:40:04,0.00570285190278997,0.00581939106771284,-0.000474607153000974
09 Aug 2023 13:45:04,0.00533223885595834,0.00544162391325706,-0.000443727387731979
09 Aug 2023 13:50:04,0.00541122722010022,0.00552290150300989,-0.000450309788752102
09 Aug 2023 13:55:04,-0.00638841353369114,0.0183342308622451,-0.000161045756865155
09 Aug 2023 14:00:04,0,0,0
09 Aug 2023 14:05:04,0.00467570739329117,0.00798641640573037,0.000570941907991403
09 Aug 2023 14:10:04,0.00640393029605725,0.00649221561415299,0.000658427831556342
09 Aug 2023 14:15:04,0,0,0
09 Aug 2023 14:20:04,0.0229708514344589,-0.0102207285036459,-0.000199351038613059
09 Aug 2023 14:25:04,0.00587813175252412,0.0060016042061918,-0.000489726554180426
09 Aug 2023 14:30:04,0.00538240089210491,0.00549495924827876,-0.000448467149393755
09 Aug 2023 14:35:04,0.00533630820473986,0.00544727953094636,-0.000444629712800412
09 Aug 2023 14:40:04,0.00573876837706045,0.00585745666381791,-0.000478124453464107
09 Aug 2023 14:45:04,0.00657130348404539,0.00670661990999895,-0.000547407801826671
09 Aug 2023 14:50:04,0.00763976781722452,0.00779661989262733,-0.000636305116262754
09 Aug 2023 14:55:04,0.00834814902926389,0.00851918362340786,-0.000695185329900991
09 Aug 2023 15:00:04,0.00808188069821085,0.00824714605237668,-0.000672894369793691
09 Aug 2023 15:05:04,0.00709303552650018,0.00723785958766175,-0.000590454328624323
09 Aug 2023 15:10:04,0.00610057948558947,0.00622512736009636,-0.000507747841200511
09 Aug 2023 15:15:04,0.00548247698167234,0.00559466925259622,-0.000456245014212407
09 Aug 2023 15:20:04,0.00531253108530228,0.00542178396903566,-0.000442085685201025
09 Aug 2023 15:25:04,0.00559193256065585,0.00570768575757806,-0.000465367156269
09 Aug 2023 15:30:04,-0.00110653701406856,0.0129559039061231,6.61891392755414e-05
09 Aug 2023 15:35:04,0,0,0
09 Aug 2023 15:40:04,0.00556367107452463,0.00728809432526876,0.000639609954280579
09 Aug 2023 15:45:04,0.00717364129690381,0.00561665677177689,0.000624061617152699
09 Aug 2023 15:50:04,0,0,0
09 Aug 2023 15:55:04,0.0119371577417639,0.000674225661329866,-0.000426353377492626
09 Aug 2023 16:00:04,0.00560240367337532,0.00571987583334663,-0.000466778355824137
09 Aug 2023 16:05:04,0.00530720003611607,0.00541791547613368,-0.000442207730521244
09 Aug 2023 16:10:04,0.00546044385687198,0.00557370818054497,-0.000454960877740149
09 Aug 2023 16:15:04,0.00606103055054281,0.00618611746902928,-0.000504943892945977
09 Aug 2023 16:20:04,0.00704290438174355,0.00718771660357417,-0.000586649393833053
09 Aug 2023 16:25:04,0.00804698993901652,0.00821203656535591,-0.00067017023574488
09 Aug 2023 16:30:04,0.00835839072469759,0.00852948803682099,-0.000695984529591079
09 Aug 2023 16:35:04,0.00768503287880629,0.00784206164781158,-0.000639800766849913
09 Aug 2023 16:40:04,0.00661875035373109,0.00675385160936479,-0.00055092742504817
09 Aug 2023 16:45:04,0.00577135443730752,0.00588926573358681,-0.000480314850296476
09 Aug 2023 16:50:04,0.00535192920215477,0.0054616615257313,-0.000445367818881435
09 Aug 2023 16:55:04,0.00538163716843293,0.00549262388201259,-0.000447844177371804
09 Aug 2023 17:00:04,-0.00547009799608743,0.0172907678227864,-0.000197476085355093
09 Aug 2023 17:05:04,0,0,0
09 Aug 2023 17:10:04,0.00419795348280708,0.00831119925012888,0.000515270784292922
09 Aug 2023 17:15:04,0.00635119470579075,0.00654694109221379,0.000658181512529566
09 Aug 2023 17:20:04,0,0,0
09 Aug 2023 17:25:04,0.0225104592565679,-0.00971068450875367,-0.000146265429935346
09 Aug 2023 17:30:04,0.00596022895986978,0.00608547015645237,-0.000496559369319182
09 Aug 2023 17:35:04,0.00541567077513744,0.00552898597593036,-0.000451236423494124
09 Aug 2023 17:40:04,0.00532044521235386,0.00543115325431418,-0.000443309585937183
09 Aug 2023 17:45:04,0.00567336472825791,0.00579076249305833,-0.000472681173310287
09 Aug 2023 17:50:04,0.00646242839577053,0.0065955535887043,-0.000538347525658005
09 Aug 2023 17:55:04,0.00752519386166276,0.00767973216037859,-0.000626774013866697
09 Aug 2023 18:00:04,0.00831090070370617,0.00848120633542017,-0.000692096141333121
09 Aug 2023 18:05:04,0.00815789717023643,0.00832474989681404,-0.00067923644516012
09 Aug 2023 18:10:04,0.00721262950945604,0.00735991385256693,-0.000600421852173189
09 Aug 2023 18:15:04,0.00619472710032716,0.00632118701814658,-0.000515592757135719
09 Aug 2023 18:20:04,0.00552963820773909,0.00564275426456554,-0.000460174364022508
09 Aug 2023 18:25:04,0.00531035280405632,0.00541949383241597,-0.000441904019537502
09 Aug 2023 18:30:04,0.00554030686121381,0.00565490950827318,-0.000461065457888739
09 Aug 2023 18:35:04,-0.00194502813299655,0.0137824869939963,2.21293419344334e-05
09 Aug 2023 18:40:04,0,0,0
09 Aug 2023 18:45:04,0.00497714948193063,0.00776451524312757,0.000598497609458116
09 Aug 2023 18:50:04,0.0070484562892917,0.00577041586630131,0.00063300264011086
09 Aug 2023 18:55:04,0,0,0
09 Aug 2023 19:00:04,0.0138106430368538,-0.00105459448491635,-0.000401861433448648
09 Aug 2023 19:05:04,0.00566267227241975,0.00578146139708921,-0.000471794627764149
09 Aug 2023 19:10:04,0.00531825168092108,0.00542926262219017,-0.000443127754581286
09 Aug 2023 19:15:04,0.00542236635569228,0.00553490659197694,-0.000451791826938342
09 Aug 2023 19:20:04,0.00597428828679675,0.00609764268804134,-0.000497724911488678
09 Aug 2023 19:25:04,0.00692348382005941,0.00706588539957967,-0.000576712599055647
09 Aug 2023 19:30:04,0.00795578870111577,0.0081190000796085,-0.000662586989732353
09 Aug 2023 19:35:04,0.00837454831092905,0.00854601057972929,-0.000697342819107938
09 Aug 2023 19:40:04,0.00779195107965405,0.00795119317760655,-0.000648714796111223
09 Aug 2023 19:45:04,0.00673240869007197,0.0068698367111044,-0.000560398989103041
09 Aug 2023 19:50:04,0.00584566465028215,0.0059650699119442,-0.000486506475422956
09 Aug 2023 19:55:04,0.00537711955592866,0.00548731446531337,-0.000447466497984725
09 Aug 2023 20:00:04,0.00535771797643201,0.0054681361386138,-0.000445851043566255
09 Aug 2023 20:05:04,0.00578829442817477,0.00590838996053758,-0.000481729415079163
09 Aug 2023 20:10:04,0.00664713738623229,0.00678590258534669,-0.00055329813729616
09 Aug 2023 20:15:04,0.00771928223057983,0.00788115705114914,-0.00064266247420335
