Time (UTCG),Torque in X (Nm),Torque in Y (Nm),Torque in Z (Nm)
06 Aug 2023 20:15:04,4.43401454868489e-08,5.82092257276137e-08,-2.6150887400994e-09
06 Aug 2023 20:20:04,5.34144228144986e-08,7.22448775078183e-08,-2.97563175202047e-09
06 Aug 2023 20:25:04,2.40660824136021e-08,4.72495577082386e-08,-1.22740502413528e-10
06 Aug 2023 20:30:04,-3.65882997448681e-08,-1.40584607114864e-08,4.97458059087849e-09
06 Aug 2023 20:35:04,-7.01041393332288e-08,-5.2715616386658e-08,7.39394577821259e-09
06 Aug 2023 20:40:04,-6.12972115531853e-08,-4.87525259352095e-08,6.24213913048379e-09
06 Aug 2023 20:45:04,-3.64246042829931e-08,-2.64996643884494e-08,3.90980204001804e-09
06 Aug 2023 20:50:04,-1.0429820297616e-08,-1.17139913423798e-09,1.64383017986231e-09
06 Aug 2023 20:55:04,1.46351112340508e-08,2.48683859968237e-08,-4.07686910317303e-10
06 Aug 2023 21:00:04,3.8687211478206e-08,5.16548194203754e-08,-2.2281602586594e-09
06 Aug 2023 21:05:04,1.3872657218344e-06,-1.67471719466256e-06,6.45952556645331e-08
06 Aug 2023 21:10:04,0,0,0
06 Aug 2023 21:15:04,-8.19745072111013e-08,8.67793497210897e-08,1.69213926446411e-09
06 Aug 2023 21:20:04,-5.11830469653602e-08,9.26901312660212e-08,-2.31154556696663e-09
06 Aug 2023 21:25:04,0,0,0
06 Aug 2023 21:30:04,-1.4555886297731e-06,1.48870856351064e-06,-3.22169680884417e-08
06 Aug 2023 21:35:04,-1.73553790411732e-08,-8.21126661279038e-09,2.23504561776315e-09
06 Aug 2023 21:40:04,7.84741244114179e-09,1.75083922678649e-08,1.36919126144466e-10
06 Aug 2023 21:45:04,3.23671175677164e-08,4.42301280714212e-08,-1.76390056954891e-09
06 Aug 2023 21:50:04,5.15049573904598e-08,6.74743405180944e-08,-3.05002956751679e-09
06 Aug 2023 21:55:04,4.60036499330354e-08,6.71576563270471e-08,-2.15398168785435e-09
06 Aug 2023 22:00:04,-2.86329112653897e-09,2.08010163952942e-08,2.20429316358081e-09
06 Aug 2023 22:05:04,-5.78990396619845e-08,-3.74558713857231e-08,6.61130130919168e-09
06 Aug 2023 22:10:04,-6.97969504251225e-08,-5.48520313681789e-08,7.16434208946894e-09
06 Aug 2023 22:15:04,-5.06196726189172e-08,-3.95394113079246e-08,5.21266917874219e-09
06 Aug 2023 22:20:04,-2.44573217501112e-08,-1.50463783551914e-08,2.84949500698832e-09
06 Aug 2023 22:25:04,1.02672368686381e-09,1.05291776479373e-08,6.89525851109601e-10
06 Aug 2023 22:30:04,2.58496150170745e-08,3.70919872374849e-08,-1.27838988579507e-09
06 Aug 2023 22:35:04,-1.76355030123851e-06,1.76505836756222e-06,6.09408919422893e-08
06 Aug 2023 22:40:04,0,0,0
06 Aug 2023 22:45:04,-9.31457464633355e-08,7.32750259912024e-08,4.02883566928936e-09
06 Aug 2023 22:50:04,-6.90293920284228e-08,9.25872330338186e-08,-2.12560032786788e-10
06 Aug 2023 22:55:04,0,0,0
06 Aug 2023 23:00:04,1.05767457974769e-06,-9.41816656820311e-07,-6.43283412452407e-08
06 Aug 2023 23:05:04,-3.1575276969994e-08,-2.20217899900301e-08,3.47666301138517e-09
06 Aug 2023 23:10:04,-5.79387575915386e-09,3.38859963882214e-09,1.25614767611067e-09
06 Aug 2023 23:15:04,1.91173624922394e-08,2.95560401079554e-08,-7.56134930584556e-10
06 Aug 2023 23:20:04,4.24430883033899e-08,5.59360029262851e-08,-2.48504291257389e-09
06 Aug 2023 23:25:04,5.37346890631866e-08,7.2072172466708e-08,-3.04360381191811e-09
06 Aug 2023 23:30:04,2.86235867729218e-08,5.15482886237132e-08,-5.31261455457518e-10
06 Aug 2023 23:35:04,-3.1308756984135e-08,-8.48235323103725e-09,4.55076646355643e-09
06 Aug 2023 23:40:04,-6.89927726200748e-08,-5.10919452914928e-08,7.34216037328187e-09
06 Aug 2023 23:45:04,-6.3077111955694e-08,-5.01773255276664e-08,6.42296258466368e-09
06 Aug 2023 23:50:04,-3.88022853894535e-08,-2.87229633869013e-08,4.12477834324284e-09
06 Aug 2023 23:55:04,-1.27392804298646e-08,-3.48456764613436e-09,1.83994259655242e-09
07 Aug 2023 00:00:04,1.23486784505649e-08,2.24288234527161e-08,-2.25843452251833e-10
07 Aug 2023 00:05:04,3.66113496035162e-08,4.92524111231698e-08,-2.07850309777756e-09
07 Aug 2023 00:10:04,1.05750763376674e-06,-1.29510015336828e-06,5.85123516611685e-08
07 Aug 2023 00:15:04,0,0,0
07 Aug 2023 00:20:04,-8.31247933683402e-08,8.58374486702316e-08,1.89535831230502e-09
07 Aug 2023 00:25:04,-5.26239521454792e-08,9.29270044203036e-08,-2.15518101035996e-09
07 Aug 2023 00:30:04,0,0,0
07 Aug 2023 00:35:04,-1.22402467459155e-06,1.26780950912338e-06,-3.4404716075964e-08
07 Aug 2023 00:40:04,-1.97145277145453e-08,-1.05338744185314e-08,2.43846211695136e-09
07 Aug 2023 00:45:04,5.56880025134746e-09,1.51197130540479e-08,3.21389736661223e-10
07 Aug 2023 00:50:04,3.01528763296763e-08,4.17397039525569e-08,-1.59863645353892e-09
07 Aug 2023 00:55:04,5.02841649053258e-08,6.58013050545309e-08,-2.98372214146041e-09
07 Aug 2023 01:00:04,4.81802711198344e-08,6.88827531091758e-08,-2.37621338960962e-09
07 Aug 2023 01:05:04,2.89673574450698e-09,2.65523799801782e-08,1.71434673576793e-09
07 Aug 2023 01:10:04,-5.4273379023451e-08,-3.336612393107e-08,6.34189733079761e-09
07 Aug 2023 01:15:04,-7.03842117887095e-08,-5.49741303706384e-08,7.25296669286181e-09
07 Aug 2023 01:20:04,-5.2872482291938e-08,-4.15327945623953e-08,5.42574057817953e-09
07 Aug 2023 01:25:04,-2.68332836770064e-08,-1.73446868000798e-08,3.05797881443961e-09
07 Aug 2023 01:30:04,-1.28102984240959e-09,8.14920048695186e-09,8.79846304067909e-10
07 Aug 2023 01:35:04,2.35807664854539e-08,3.45910663839296e-08,-1.10454106581717e-09
07 Aug 2023 01:40:04,-2.55550603085027e-06,2.60020661599084e-06,7.67450937028711e-08
07 Aug 2023 01:45:04,0,0,0
07 Aug 2023 01:50:04,-9.52655099897563e-08,6.71995621693146e-08,4.78750157942352e-09
07 Aug 2023 01:55:04,-6.80614682573636e-08,9.27470576144998e-08,-3.34483202707743e-10
07 Aug 2023 02:00:04,0,0,0
07 Aug 2023 02:05:04,1.64726794933478e-06,-1.51139501623215e-06,-7.67026882770156e-08
07 Aug 2023 02:10:04,-3.40110186153093e-08,-2.43325084442901e-08,3.6938688325417e-09
07 Aug 2023 02:15:04,-8.12762618808925e-09,1.02467590068857e-09,1.4519034550915e-09
07 Aug 2023 02:20:04,1.68156475026668e-08,2.7071001317372e-08,-5.75758922300003e-10
07 Aug 2023 02:25:04,4.0481576797056e-08,5.36118837335255e-08,-2.34839854964363e-09
07 Aug 2023 02:30:04,5.37368254627298e-08,7.15782164099542e-08,-3.08480881592666e-09
07 Aug 2023 02:35:04,3.28838197529007e-08,5.55070570874917e-08,-9.18065272197142e-10
07 Aug 2023 02:40:04,-2.57285994687286e-08,-2.64279983849901e-09,4.09832955538823e-09
07 Aug 2023 02:45:04,-6.75074139498063e-08,-4.90837099120175e-08,7.25947821529298e-09
07 Aug 2023 02:50:04,-6.47648375501295e-08,-5.14859546694869e-08,6.59794689523961e-09
07 Aug 2023 02:55:04,-4.12314803754406e-08,-3.0980850433517e-08,4.34553611460649e-09
07 Aug 2023 03:00:04,-1.51081052891342e-08,-5.84668722152836e-09,2.04196182906502e-09
07 Aug 2023 03:05:04,1.00191090756543e-08,1.99558349499144e-08,-3.95321275679572e-11
07 Aug 2023 03:10:04,3.44323999431058e-08,4.67541782214129e-08,-1.91948142592606e-09
07 Aug 2023 03:15:04,2.70507504083523e-07,-4.22241778462944e-07,5.07045648325725e-08
07 Aug 2023 03:20:04,0,0,0
07 Aug 2023 03:25:04,-8.7993994524901e-08,8.11051503815744e-08,2.81411200384088e-09
07 Aug 2023 03:30:04,2.42201882041081e-06,-3.6414370922732e-06,-4.3447469326294e-07
07 Aug 2023 03:35:04,0,0,0
07 Aug 2023 03:40:04,-5.70085063976727e-07,6.33326902455891e-07,-3.89407570979555e-08
07 Aug 2023 03:45:04,-2.21060743523194e-08,-1.28742858340791e-08,2.64583233359959e-09
07 Aug 2023 03:50:04,3.24379700747178e-09,1.26956748870771e-08,5.10713231573941e-10
07 Aug 2023 03:55:04,2.79056451874097e-08,3.92281203592383e-08,-1.42959236738021e-09
07 Aug 2023 04:00:04,4.89056118232395e-08,6.3978272510803e-08,-2.90337215540383e-09
07 Aug 2023 04:05:04,5.0008054216444e-08,7.02394277338054e-08,-2.57043360591977e-09
07 Aug 2023 04:10:04,8.62347596677225e-09,3.22215678809335e-08,1.22317556687831e-09
07 Aug 2023 04:15:04,-5.02276734145842e-08,-2.88677835532075e-08,6.03585725611613e-09
07 Aug 2023 04:20:04,-7.0708681041961e-08,-5.48106888960619e-08,7.32115275587875e-09
07 Aug 2023 04:25:04,-5.51030068508979e-08,-4.34806567244766e-08,5.63884683450041e-09
07 Aug 2023 04:30:04,-2.92690452984693e-08,-1.96872392379538e-08,3.27283261874494e-09
07 Aug 2023 04:35:04,-3.60613601956644e-09,5.76467128391171e-09,1.07269802406395e-09
07 Aug 2023 04:40:04,2.12669179550093e-08,3.20580117811249e-08,-9.25806353237303e-10
07 Aug 2023 04:45:04,-3.48860999382157e-06,3.56660879128044e-06,1.00877178055891e-07
07 Aug 2023 04:50:04,-2.79279933703886e-05,-7.3329939252898e-05,-3.38043090392161e-06
07 Aug 2023 04:55:04,4.48982946617467e-05,6.19036151347115e-05,5.37138700517157e-06
07 Aug 2023 05:00:04,-7.42983720755544e-08,9.08122328718958e-08,5.21914963423601e-10
07 Aug 2023 05:05:04,-6.89297089822709e-05,-3.33391969728023e-05,-3.84924185365839e-06
07 Aug 2023 05:10:04,7.8373496992033e-05,1.6599685597651e-05,1.06120570891133e-06
07 Aug 2023 05:15:04,-3.64483751788841e-08,-2.66277953811819e-08,3.91261084337529e-09
07 Aug 2023 05:20:04,-1.04842207410702e-08,-1.34933363596678e-09,1.65065192013559e-09
07 Aug 2023 05:25:04,1.44970493572121e-08,2.45821583149897e-08,-3.92867658080259e-10
07 Aug 2023 05:30:04,3.84285925039302e-08,5.12103494785932e-08,-2.20282048512421e-09
07 Aug 2023 05:35:04,5.34618899542003e-08,7.0807433268708e-08,-3.1024572817253e-09
07 Aug 2023 05:40:04,3.67752432896163e-08,5.90562413458332e-08,-1.27691419454896e-09
07 Aug 2023 05:45:04,-1.9919401559708e-08,3.37973601638523e-09,3.62261604061366e-09
07 Aug 2023 05:50:04,-6.55853108696679e-08,-4.66366041499401e-08,7.13986861025073e-09
07 Aug 2023 05:55:04,-6.62898202775211e-08,-5.26090443908373e-08,6.76099748888978e-09
07 Aug 2023 06:00:04,-4.36375258112325e-08,-3.31955067308445e-08,4.56599132159031e-09
07 Aug 2023 06:05:04,-1.74773571355841e-08,-8.19301416091661e-09,2.24535709965283e-09
07 Aug 2023 06:10:04,7.70454547841469e-09,1.75133926505003e-08,1.4678477618897e-10
07 Aug 2023 06:15:04,3.22372921749982e-08,4.42600837185596e-08,-1.75741323093751e-09
07 Aug 2023 06:20:04,-4.38533978256818e-07,3.47178631294133e-07,4.96047424292014e-08
07 Aug 2023 06:25:04,0,0,0
07 Aug 2023 06:30:04,-8.75789264138303e-08,8.14984347930241e-08,2.73750367242057e-09
07 Aug 2023 06:35:04,-5.88665080333303e-08,9.34836286574091e-08,-1.4542817362319e-09
07 Aug 2023 06:40:04,0,0,0
07 Aug 2023 06:45:04,-1.86596459422179e-08,9.59608121507095e-08,-4.50793988349335e-08
07 Aug 2023 06:50:04,-2.45245654024309e-08,-1.52267214150161e-08,2.85672025087818e-09
07 Aug 2023 06:55:04,9.07431230379228e-10,1.02744841411436e-08,7.02176199087786e-10
07 Aug 2023 07:00:04,2.5633675273331e-08,3.67082714763585e-08,-1.25708398929475e-09
07 Aug 2023 07:05:04,4.73646530320504e-08,6.20075924061413e-08,-2.80800466821889e-09
07 Aug 2023 07:10:04,5.14175619563419e-08,7.1164067136814e-08,-2.7302598872829e-09
07 Aug 2023 07:15:04,1.41420340153935e-08,3.76257616918919e-08,7.44983615213084e-10
07 Aug 2023 07:20:04,-4.5760471593582e-08,-2.39809905528274e-08,5.69126824896764e-09
07 Aug 2023 07:25:04,-7.0703483002761e-08,-5.43046280384846e-08,7.36240618623798e-09
07 Aug 2023 07:30:04,-5.72494162739196e-08,-4.53233739613122e-08,5.84655103944279e-09
07 Aug 2023 07:35:04,-3.17046245798662e-08,-2.20127026213836e-08,3.4890697224986e-09
07 Aug 2023 07:40:04,-5.97559889263636e-09,3.35009265725664e-09,1.27049918575888e-09
07 Aug 2023 07:45:04,1.8948850577469e-08,2.95383965885207e-08,-7.45258694732563e-10
07 Aug 2023 07:50:04,4.23240000627829e-08,5.59799741403717e-08,-2.48080457277738e-09
07 Aug 2023 07:55:04,2.52966768796296e-06,-2.96593949831759e-06,8.9951610320174e-08
07 Aug 2023 08:00:04,0,0,0
07 Aug 2023 08:05:04,-7.51785466203149e-08,9.03909171536881e-08,6.54281578480556e-10
07 Aug 2023 08:10:04,-4.43483982311298e-08,9.05032813898144e-08,-2.98723797772413e-09
07 Aug 2023 08:15:04,0,0,0
07 Aug 2023 08:20:04,-2.38422902784458e-06,2.3998560254922e-06,-3.36591637685494e-08
07 Aug 2023 08:25:04,-1.28441039386199e-08,-3.71247984886978e-09,1.85084704272226e-09
07 Aug 2023 08:30:04,1.2178358809408e-08,2.21087066569928e-08,-2.08688197050993e-10
07 Aug 2023 08:35:04,3.62992869339397e-08,4.87485776808892e-08,-2.04942775195227e-09
07 Aug 2023 08:40:04,5.28992192082586e-08,6.97540124754718e-08,-3.09524068601584e-09
07 Aug 2023 08:45:04,4.02585929373394e-08,6.21591806710465e-08,-1.6042583134392e-09
07 Aug 2023 08:50:04,-1.40017528189224e-08,9.45388677818945e-09,3.13297828013894e-09
07 Aug 2023 08:55:04,-6.3200002464312e-08,-4.3732508551184e-08,6.98038978412609e-09
07 Aug 2023 09:00:04,-6.75968069797625e-08,-5.34929092506541e-08,6.90728764899619e-09
07 Aug 2023 09:05:04,-4.60471223968004e-08,-3.53945758527306e-08,4.78833477679342e-09
07 Aug 2023 09:10:04,-1.98854493509991e-08,-1.05636582538162e-08,2.45325283623936e-09
07 Aug 2023 09:15:04,5.36954134952998e-09,1.50651211856523e-08,3.36042567892483e-10
07 Aug 2023 09:20:04,2.99964531529711e-08,4.17367125319565e-08,-1.59010149206644e-09
07 Aug 2023 09:25:04,-6.25852135763756e-07,5.55072860620895e-07,4.9029363445399e-08
07 Aug 2023 09:30:04,0,0,0
07 Aug 2023 09:35:04,-8.89473914345103e-08,7.97670567019462e-08,3.03057966565629e-09
07 Aug 2023 09:40:04,-6.11135349057422e-08,9.3437645088497e-08,-1.18729622271103e-09
07 Aug 2023 09:45:04,0,0,0
07 Aug 2023 09:50:04,1.46440307998069e-07,-5.89179904885651e-08,-4.89079897916652e-08
07 Aug 2023 09:55:04,-2.69500651058733e-08,-1.75707995199481e-08,3.06946804515228e-09
07 Aug 2023 10:00:04,-1.43013914854599e-09,7.86610199972501e-09,8.94898993001714e-10
07 Aug 2023 10:05:04,2.33277585038714e-08,3.41702013074296e-08,-1.08039018559512e-09
07 Aug 2023 10:10:04,4.56601154016646e-08,5.98859642559829e-08,-2.69769540365886e-09
07 Aug 2023 10:15:04,5.24451001207026e-08,7.16934933327611e-08,-2.85873484399339e-09
07 Aug 2023 10:20:04,1.94215171629597e-08,4.27355957982926e-08,2.82521209968698e-10
07 Aug 2023 10:25:04,-4.09226262935038e-08,-1.87576921296858e-08,5.31235951042543e-09
07 Aug 2023 10:30:04,-7.03168207365842e-08,-5.34036447345771e-08,7.37236610762398e-09
07 Aug 2023 10:35:04,-5.93019030794341e-08,-4.70487527781632e-08,6.04821672932651e-09
07 Aug 2023 10:40:04,-3.41630712819728e-08,-2.4343180661386e-08,3.70872717793279e-09
07 Aug 2023 10:45:04,-8.33360979371361e-09,9.62071561989683e-10,1.46857266500349e-09
07 Aug 2023 10:50:04,1.66104703089847e-08,2.70135334975365e-08,-5.617435834588e-10
07 Aug 2023 10:55:04,4.03248934493729e-08,5.36120783005046e-08,-2.34115367829461e-09
07 Aug 2023 11:00:04,2.64748394659483e-06,-3.06759606100362e-06,9.16667873830274e-08
07 Aug 2023 11:05:04,0,0,0
07 Aug 2023 11:10:04,-7.93634591255376e-08,8.818751061668e-08,1.29527285191631e-09
07 Aug 2023 11:15:04,-4.88152646379502e-08,9.19282499444804e-08,-2.54107262175327e-09
07 Aug 2023 11:20:04,0,0,0
07 Aug 2023 11:25:04,-2.73147708258321e-06,2.75200876112528e-06,-3.91750218990735e-08
07 Aug 2023 11:30:04,-1.52484709687769e-08,-6.10703553099385e-09,2.05590042704039e-09
07 Aug 2023 11:35:04,9.8328828149883e-09,1.96208039196919e-08,-2.12128293894381e-11
07 Aug 2023 11:40:04,3.41200237447575e-08,4.62520311470323e-08,-1.89053543149281e-09
07 Aug 2023 11:45:04,5.20658904365847e-08,6.84343439536659e-08,-3.06466647152286e-09
07 Aug 2023 11:50:04,4.33247085466511e-08,6.48091048997325e-08,-1.89912094666057e-09
07 Aug 2023 11:55:04,-8.01268437304281e-09,1.55409223249409e-08,2.63242194847402e-09
07 Aug 2023 12:00:04,-6.02921676226624e-08,-4.03131284074343e-08,6.77591523520555e-09
07 Aug 2023 12:05:04,-6.86738008962109e-08,-5.41228252287719e-08,7.03602425629209e-09
07 Aug 2023 12:10:04,-4.84319351673981e-08,-3.75464647323636e-08,5.01042809883715e-09
07 Aug 2023 12:15:04,-2.23299507490448e-08,-1.29547529953939e-08,2.66556135041622e-09
07 Aug 2023 12:20:04,2.99753719986598e-09,1.25930797723991e-08,5.2953550536647e-10
07 Aug 2023 12:25:04,2.7704796033011e-08,3.91759529619561e-08,-1.4173623996229e-09
07 Aug 2023 12:30:04,-5.2940072100375e-07,4.62310167653945e-07,4.66892166741535e-08
07 Aug 2023 12:35:04,0,0,0
07 Aug 2023 12:40:04,-9.10211139341243e-08,7.66820808605382e-08,3.51485317081564e-09
07 Aug 2023 12:45:04,-6.48643622048127e-08,9.30929814377194e-08,-7.25491320942162e-10
07 Aug 2023 12:50:04,0,0,0
07 Aug 2023 12:55:04,1.00377571092405e-07,-3.75816109872388e-09,-5.09049556345765e-08
07 Aug 2023 13:00:04,-2.9426833134572e-08,-1.99500774701647e-08,3.28789431060755e-09
07 Aug 2023 13:05:04,-3.81534800991209e-09,5.42217408812699e-09,1.09266847754633e-09
07 Aug 2023 13:10:04,2.09825308370731e-08,3.16052359454648e-08,-8.99329585346623e-10
07 Aug 2023 13:15:04,4.38086160021695e-08,5.76284047562622e-08,-2.57398874800497e-09
07 Aug 2023 13:20:04,5.30746825450483e-08,7.18102192066084e-08,-2.95462284908266e-09
07 Aug 2023 13:25:04,2.44316024638346e-08,4.75157238587906e-08,-1.62049564885942e-10
07 Aug 2023 13:30:04,-3.56332456968165e-08,-1.31207592999347e-08,4.89194580561018e-09
07 Aug 2023 13:35:04,-6.95163871056105e-08,-5.20735424697805e-08,7.34844571330656e-09
07 Aug 2023 13:40:04,-6.12776456704331e-08,-4.8672145234884e-08,6.24545785181133e-09
07 Aug 2023 13:45:04,-3.66673292088065e-08,-2.67020453159863e-08,3.93372245354542e-09
07 Aug 2023 13:50:04,-1.07464406641197e-08,-1.46875904172432e-09,1.67229825824112e-09
07 Aug 2023 13:55:04,1.42435125268593e-08,2.44721489200088e-08,-3.74804381868615e-10
07 Aug 2023 14:00:04,3.82017454128429e-08,5.11309550103956e-08,-2.19006422996199e-09
07 Aug 2023 14:05:04,2.19424102955577e-06,-2.56470457266654e-06,7.99430046091788e-08
07 Aug 2023 14:10:04,0,0,0
07 Aug 2023 14:15:04,-8.00032113909794e-08,8.77117164989932e-08,1.40504559028232e-09
07 Aug 2023 14:20:04,-4.95766343983508e-08,9.20710980702497e-08,-2.45829425033381e-09
07 Aug 2023 14:25:04,0,0,0
07 Aug 2023 14:30:04,-2.37407194036688e-06,2.3894649671001e-06,-3.62242416001743e-08
07 Aug 2023 14:35:04,-1.76984418210437e-08,-8.53095583062004e-09,2.26616706827394e-09
07 Aug 2023 14:40:04,7.43244640918329e-09,1.70916472305239e-08,1.72065686686858e-10
07 Aug 2023 14:45:04,3.18406474189244e-08,4.36672063592366e-08,-1.72215823278691e-09
07 Aug 2023 14:50:04,5.10014820333944e-08,6.68853836684379e-08,-3.01431506515966e-09
07 Aug 2023 14:55:04,4.60063438673244e-08,6.70399861134591e-08,-2.16418392084331e-09
07 Aug 2023 15:00:04,-1.91554916934861e-09,2.16799750320295e-08,2.11803859645294e-09
07 Aug 2023 15:05:04,-5.69178235332792e-08,-3.64361240697161e-08,6.53107281827035e-09
07 Aug 2023 15:10:04,-6.9535545082578e-08,-5.45133347220889e-08,7.14848109016748e-09
07 Aug 2023 15:15:04,-5.08454949836207e-08,-3.97066962602329e-08,5.23666067602146e-09
07 Aug 2023 15:20:04,-2.47920677357642e-08,-1.53488019674711e-08,2.88058199108625e-09
07 Aug 2023 15:25:04,6.02461991501569e-10,1.01109819008777e-08,7.26064304822713e-10
07 Aug 2023 15:30:04,2.5335934125075e-08,3.6551343036665e-08,-1.23695882199712e-09
07 Aug 2023 15:35:04,-1.12610497433811e-06,1.09819186447675e-06,5.06023961567894e-08
07 Aug 2023 15:40:04,0,0,0
07 Aug 2023 15:45:04,-9.42690313435172e-08,6.96268689693814e-08,4.47312207384163e-09
07 Aug 2023 15:50:04,-6.47862390894789e-08,9.30462809107318e-08,-7.30276774200875e-10
07 Aug 2023 15:55:04,0,0,0
07 Aug 2023 16:00:04,6.25656394964849e-07,-5.13150338129135e-07,-5.88059753386094e-08
07 Aug 2023 16:05:04,-3.19493881649674e-08,-2.23553439368973e-08,3.51183881639136e-09
07 Aug 2023 16:10:04,-6.24094520370981e-09,2.95351718228809e-09,1.29516216410708e-09
07 Aug 2023 16:15:04,1.85824312933192e-08,2.90002531984734e-08,-7.12378197207628e-10
07 Aug 2023 16:20:04,4.1845457643633e-08,5.52715299354691e-08,-2.43977647868012e-09
07 Aug 2023 16:25:04,5.33817583153005e-08,7.16004990066671e-08,-3.02344154557926e-09
07 Aug 2023 16:30:04,2.91956144525276e-08,5.2006181085626e-08,-5.89330041425504e-10
07 Aug 2023 16:35:04,-3.00330733787526e-08,-7.21127223800763e-09,4.44195880187043e-09
07 Aug 2023 16:40:04,-6.8307992134005e-08,-5.03237634145704e-08,7.29083862263599e-09
07 Aug 2023 16:45:04,-6.31531928468519e-08,-5.0171354806285e-08,6.43617908126432e-09
07 Aug 2023 16:50:04,-3.91569109360837e-08,-2.90267452686814e-08,4.15908581388525e-09
07 Aug 2023 16:55:04,-1.31922580350089e-08,-3.91747544829514e-09,1.88007456685685e-09
07 Aug 2023 17:00:04,1.18338637785535e-08,2.19020593029067e-08,-1.83083664273948e-10
07 Aug 2023 17:05:04,3.60298083260791e-08,4.86165179744216e-08,-2.03354926571517e-09
07 Aug 2023 17:10:04,1.76694468403122e-06,-2.07847797363759e-06,6.962216592496e-08
07 Aug 2023 17:15:04,0,0,0
07 Aug 2023 17:20:04,-8.68174836017883e-08,8.20273084994284e-08,2.61478871187387e-09
07 Aug 2023 17:25:04,-5.04932486422842e-08,9.22477909822129e-08,-2.35960407480897e-09
07 Aug 2023 17:30:04,0,0,0
07 Aug 2023 17:35:04,-2.02116651568402e-06,2.04455113005048e-06,-3.56833185869139e-08
07 Aug 2023 17:40:04,-2.01707605846997e-08,-1.09620623134574e-08,2.47958081477121e-09
07 Aug 2023 17:45:04,5.02303623332033e-09,1.4567996028956e-08,3.67302692253306e-10
07 Aug 2023 17:50:04,2.95440035531321e-08,4.10832132500089e-08,-1.55081822137408e-09
07 Aug 2023 17:55:04,4.97247385231393e-08,6.51392259564062e-08,-2.94467341636502e-09
07 Aug 2023 18:00:04,4.82334735841549e-08,6.87963248581714e-08,-2.39229505130893e-09
07 Aug 2023 18:05:04,4.07478645793337e-09,2.76587593006851e-08,1.60829720165587e-09
07 Aug 2023 18:10:04,-5.30645711207163e-08,-3.20965590038073e-08,6.24418542352834e-09
07 Aug 2023 18:15:04,-7.01262395366744e-08,-5.46131165756224e-08,7.239542473141e-09
07 Aug 2023 18:20:04,-5.3168196207482e-08,-4.17524705343905e-08,5.45712823240313e-09
07 Aug 2023 18:25:04,-2.73168134757513e-08,-1.77885863264458e-08,3.10232127097335e-09
07 Aug 2023 18:30:04,-1.807753043524e-09,7.6283799070412e-09,9.25085810515997e-10
07 Aug 2023 18:35:04,2.29752253031299e-08,3.39526558756772e-08,-1.05578412618065e-09
07 Aug 2023 18:40:04,-1.24345759211204e-06,1.22824574079925e-06,5.05430945022046e-08
07 Aug 2023 18:45:04,0,0,0
07 Aug 2023 18:50:04,-9.49621567254447e-08,6.71319630346388e-08,4.76887021801113e-09
07 Aug 2023 18:55:04,-7.50522726928183e-08,9.02278498796283e-08,6.55691477161316e-10
07 Aug 2023 19:00:04,0,0,0
07 Aug 2023 19:05:04,7.90361134577287e-07,-6.64414959650767e-07,-6.32323533510875e-08
07 Aug 2023 19:10:04,-3.44799676282751e-08,-2.47536165756703e-08,3.73769838248597e-09
07 Aug 2023 19:15:04,-8.6677570614781e-09,4.96521621926352e-10,1.4988210903685e-09
07 Aug 2023 19:20:04,1.61991951911786e-08,2.64280462975211e-08,-5.25544567618084e-10
07 Aug 2023 19:25:04,3.98052615878074e-08,5.28570211106248e-08,-2.29741520016205e-09
07 Aug 2023 19:30:04,5.3356379585548e-08,7.10610804640468e-08,-3.06379116713408e-09
07 Aug 2023 19:35:04,3.3556517562324e-08,5.60478528653945e-08,-9.86149506414231e-10
07 Aug 2023 19:40:04,-2.42026084403447e-08,-1.12044579426978e-09,3.96834712014934e-09
07 Aug 2023 19:45:04,-6.66887193078899e-08,-4.81610669460141e-08,7.19849305123509e-09
07 Aug 2023 19:50:04,-6.48537072483688e-08,-5.14724252369158e-08,6.61394485214462e-09
07 Aug 2023 19:55:04,-4.16691197037795e-08,-3.13543959399354e-08,4.38800101320551e-09
07 Aug 2023 20:00:04,-1.56555816438086e-08,-6.36848731311615e-09,2.09059350313419e-09
07 Aug 2023 20:05:04,9.43755248461604e-09,1.93624580343417e-08,8.91551589751473e-12
07 Aug 2023 20:10:04,3.37834704912084e-08,4.60470512725531e-08,-1.86911382113688e-09
07 Aug 2023 20:15:04,1.68139451022586e-06,-1.9686528057845e-06,6.66589386426579e-08
07 Aug 2023 20:20:04,0,0,0
07 Aug 2023 20:25:04,-8.88462978815191e-08,7.95739279122368e-08,3.03942487955341e-09
07 Aug 2023 20:30:04,-5.36339932150559e-08,9.2808563470816e-08,-2.02235138563431e-09
07 Aug 2023 20:35:04,0,0,0
07 Aug 2023 20:40:04,-2.07382582672441e-06,2.09962298858236e-06,-3.78357636795253e-08
07 Aug 2023 20:45:04,-2.26636182275001e-08,-1.33998371444954e-08,2.69588222452105e-09
07 Aug 2023 20:50:04,2.62785069233089e-09,1.20730754643577e-08,5.62529587934969e-10
07 Aug 2023 20:55:04,2.72110379902183e-08,3.84800781763369e-08,-1.3749709642602e-09
07 Aug 2023 21:00:04,4.82653086096069e-08,6.32232294034885e-08,-2.85845033608889e-09
07 Aug 2023 21:05:04,5.00342932916418e-08,7.01068315301774e-08,-2.58580889837514e-09
07 Aug 2023 21:10:04,9.94563489626857e-09,3.3456449758562e-08,1.10359926337425e-09
07 Aug 2023 21:15:04,-4.87863643553913e-08,-2.7360141994838e-08,5.91886415180879e-09
07 Aug 2023 21:20:04,-7.03618247514889e-08,-5.43411136849423e-08,7.30181585356458e-09
07 Aug 2023 21:25:04,-5.54447193493515e-08,-4.37298467072061e-08,5.67551491094085e-09
07 Aug 2023 21:30:04,-2.98284609139732e-08,-2.01982611611699e-08,3.32435390227962e-09
07 Aug 2023 21:35:04,-4.23570475086028e-09,5.14307349491863e-09,1.12685356326698e-09
07 Aug 2023 21:40:04,2.05911913934709e-08,3.13473494806805e-08,-8.71250744575374e-10
07 Aug 2023 21:45:04,-1.16571395775203e-06,1.15344375379684e-06,4.78979851872459e-08
07 Aug 2023 21:50:04,0,0,0
07 Aug 2023 21:55:04,-9.56032653514565e-08,6.37335238503703e-08,5.14397010847168e-09
07 Aug 2023 22:00:04,-7.81997564085639e-08,8.86228546114182e-08,1.13448224743318e-09
07 Aug 2023 22:05:04,0,0,0
07 Aug 2023 22:10:04,8.04610247293828e-07,-6.66192023109761e-07,-6.58295453521432e-08
07 Aug 2023 22:15:04,-3.70122947048257e-08,-2.71352158439218e-08,3.96522013904267e-09
07 Aug 2023 22:20:04,-1.11112787192637e-08,-1.96219695227961e-09,1.70513686478269e-09
07 Aug 2023 22:25:04,1.37917980479962e-08,2.38468057300297e-08,-3.35406546249684e-10
07 Aug 2023 22:30:04,3.76700686548129e-08,5.0363863808231e-08,-2.14563086518742e-09
07 Aug 2023 22:35:04,5.29947799367047e-08,7.01859172077193e-08,-3.07553935970072e-09
07 Aug 2023 22:40:04,3.74740132589578e-08,5.95994723762195e-08,-1.34916329824115e-09
07 Aug 2023 22:45:04,-1.81822807824855e-08,5.10216705006792e-09,3.47379126778717e-09
07 Aug 2023 22:50:04,-6.4539128790792e-08,-4.54708773309463e-08,7.0608567925842e-09
07 Aug 2023 22:55:04,-6.63495154420389e-08,-5.25445562484819e-08,6.77632847517304e-09
07 Aug 2023 23:00:04,-4.41738164448875e-08,-3.36544494176637e-08,4.61794260999115e-09
07 Aug 2023 23:05:04,-1.81312281438458e-08,-8.81574535303578e-09,2.30348737941966e-09
07 Aug 2023 23:10:04,7.01235624618093e-09,1.6808788233558e-08,2.0459059854118e-10
07 Aug 2023 23:15:04,3.14889715575004e-08,4.3446381219873e-08,-1.69918585347872e-09
07 Aug 2023 23:20:04,1.51630913105961e-06,-1.77197656445535e-06,6.22275797438991e-08
07 Aug 2023 23:25:04,0,0,0
07 Aug 2023 23:30:04,-9.03741794453888e-08,7.7318543718691e-08,3.39520133834764e-09
07 Aug 2023 23:35:04,-5.63774281238939e-08,9.30850224549619e-08,-1.71547758391594e-09
07 Aug 2023 23:40:04,0,0,0
07 Aug 2023 23:45:04,-2.01343686675775e-06,2.04553398156602e-06,-3.96597948801547e-08
07 Aug 2023 23:50:04,-2.51993417778087e-08,-1.58629483987995e-08,2.91726978652441e-09
07 Aug 2023 23:55:04,1.95034354393693e-10,9.5553733895086e-09,7.62181399290996e-10
08 Aug 2023 00:00:04,2.48255811832846e-08,3.58399188945805e-08,-1.19338420568787e-09
08 Aug 2023 00:05:04,4.66056192580924e-08,6.11179284592895e-08,-2.75430807239722e-09
08 Aug 2023 00:10:04,5.13966322506732e-08,7.09581516228948e-08,-2.74378761278557e-09
08 Aug 2023 00:15:04,1.56056163311747e-08,3.89774251698958e-08,6.11361085309503e-10
08 Aug 2023 00:20:04,-4.40180725725609e-08,-2.21690477756728e-08,5.5489712299916e-09
08 Aug 2023 00:25:04,-7.02084027010688e-08,-5.36625554635869e-08,7.33249595080223e-09
08 Aug 2023 00:30:04,-5.7654861054988e-08,-4.56165795980006e-08,5.89027582139935e-09
08 Aug 2023 00:35:04,-3.23679804281209e-08,-2.26174722437812e-08,3.55027361398668e-09
08 Aug 2023 00:40:04,-6.69824749522041e-09,2.63784373139217e-09,1.33277198978128e-09
08 Aug 2023 00:45:04,1.81596519545522e-08,2.87085704145585e-08,-6.81522148378747e-10
08 Aug 2023 00:50:04,-1.6820923564087e-06,1.69871530844785e-06,5.45666123565012e-08
08 Aug 2023 00:55:04,0,0,0
08 Aug 2023 01:00:04,-9.55961633623718e-08,6.33586761682822e-08,5.17878281442064e-09
08 Aug 2023 01:05:04,-7.84916090495197e-08,8.8390713101081e-08,1.1862762183952e-09
08 Aug 2023 01:10:04,0,0,0
08 Aug 2023 01:15:04,1.33958891013042e-06,-1.1797371825532e-06,-7.57071387421686e-08
08 Aug 2023 01:20:04,-3.95875520243907e-08,-2.95370499683604e-08,4.19825450088167e-09
08 Aug 2023 01:25:04,-1.3605047141179e-08,-4.45486010137897e-09,1.91706694891467e-09
08 Aug 2023 01:30:04,1.1348429981645e-08,2.12453742989335e-08,-1.40907208790645e-10
08 Aug 2023 01:35:04,3.54249252664096e-08,4.77756310418265e-08,-1.98327444909742e-09
08 Aug 2023 01:40:04,5.2321475991106e-08,6.90010581807971e-08,-3.06064189646681e-09
08 Aug 2023 01:45:04,4.09834078630236e-08,6.26996522977092e-08,-1.68109782989082e-09
08 Aug 2023 01:50:04,-1.19766443044388e-08,1.1452451748451e-08,2.95871447358631e-09
08 Aug 2023 01:55:04,-6.18640801538166e-08,-4.22561204961829e-08,6.87850410888705e-09
08 Aug 2023 02:00:04,-6.76544336251842e-08,-5.3399737392733e-08,6.92465783985876e-09
08 Aug 2023 02:05:04,-4.66972314843735e-08,-3.59518182060414e-08,4.85125094828002e-09
08 Aug 2023 02:10:04,-2.06657622719108e-08,-1.13077767558371e-08,2.52255399695397e-09
08 Aug 2023 02:15:04,4.55127239271333e-09,1.4231122547486e-08,4.04297729005828e-10
08 Aug 2023 02:20:04,2.91014776576045e-08,4.07630911111564e-08,-1.52049542474679e-09
08 Aug 2023 02:25:04,8.51460457494705e-07,-1.02666238650272e-06,5.08958440382235e-08
08 Aug 2023 02:30:04,0,0,0
08 Aug 2023 02:35:04,-8.98532714941066e-08,7.79877091132158e-08,3.2835660903425e-09
08 Aug 2023 02:40:04,-6.30219461006853e-08,9.30442177001259e-08,-9.32141967997822e-10
08 Aug 2023 02:45:04,0,0,0
08 Aug 2023 02:50:04,-1.27350750147134e-06,1.33691426458644e-06,-4.16918787733924e-08
08 Aug 2023 02:55:04,-2.77612474830689e-08,-1.8333234678957e-08,3.14244524441196e-09
08 Aug 2023 03:00:04,-2.29027383057187e-09,6.99972720312888e-09,9.67494788801349e-10
08 Aug 2023 03:05:04,2.2390109035944e-08,3.3164690152707e-08,-1.00631212608636e-09
08 Aug 2023 03:10:04,4.47903357870115e-08,5.88694588323578e-08,-2.63592070434445e-09
08 Aug 2023 03:15:04,5.23534118282738e-08,7.13907641605538e-08,-2.86840266583097e-09
08 Aug 2023 03:20:04,2.10687787690805e-08,4.42468873861283e-08,1.31310436483422e-10
08 Aug 2023 03:25:04,-3.87863899291607e-08,-1.65417519152377e-08,5.13745291258143e-09
08 Aug 2023 03:30:04,-6.96873232241881e-08,-5.25959563914356e-08,7.33363154907032e-09
08 Aug 2023 03:35:04,-5.98004092156941e-08,-4.74112370776584e-08,6.10182923530483e-09
08 Aug 2023 03:40:04,-3.49731626575165e-08,-2.50841490889784e-08,3.78328126047053e-09
08 Aug 2023 03:45:04,-9.19509477718599e-09,1.11530834774313e-10,1.54269806419486e-09
08 Aug 2023 03:50:04,1.56728418444984e-08,2.60271082716412e-08,-4.86057462885581e-10
08 Aug 2023 03:55:04,-2.45799739675515e-06,2.51199020351245e-06,6.98085011269269e-08
08 Aug 2023 04:00:04,0,0,0
08 Aug 2023 04:05:04,-9.59113154649482e-08,5.71254902080323e-08,5.79047217576601e-09
08 Aug 2023 04:10:04,3.25925903795653e-06,-3.59030244428526e-06,-1.07971962244274e-07
08 Aug 2023 04:15:04,0,0,0
08 Aug 2023 04:20:04,2.07272578661253e-06,-1.88483003021122e-06,-9.13459019801375e-08
08 Aug 2023 04:25:04,-4.21767290878552e-08,-3.19322567684542e-08,4.43415641788882e-09
08 Aug 2023 04:30:04,-1.61430870183789e-08,-6.9767677000337e-09,2.13399668609993e-09
08 Aug 2023 04:35:04,8.87770233586088e-09,1.86305055604293e-08,5.70669384635216e-11
08 Aug 2023 04:40:04,3.31127144059839e-08,4.51356304725653e-08,-1.81395562618559e-09
08 Aug 2023 04:45:04,5.1393706040657e-08,6.75669869669115e-08,-3.0236941967854e-09
08 Aug 2023 04:50:04,4.40666556752486e-08,6.53401036850971e-08,-1.97961202474154e-09
08 Aug 2023 04:55:04,-5.65897355561442e-09,1.78593096610227e-08,2.42952202004139e-09
08 Aug 2023 05:00:04,-5.87272872377689e-08,-3.85856539102259e-08,6.65642434179705e-09
08 Aug 2023 05:05:04,-6.87304962190798e-08,-5.40002351214846e-08,7.05568827800481e-09
08 Aug 2023 05:10:04,-4.92000595898283e-08,-3.82044894891091e-08,5.08480979212303e-09
08 Aug 2023 05:15:04,-2.32389256516963e-08,-1.38209268786833e-08,2.74635144508853e-09
08 Aug 2023 05:20:04,2.05039545559483e-09,1.16291056150742e-08,6.08660075097258e-10
08 Aug 2023 05:25:04,2.6683698425063e-08,3.80686466218008e-08,-1.33765370746988e-09
08 Aug 2023 05:30:04,1.05160053136048e-07,-2.07943640110218e-07,4.44930546582584e-08
08 Aug 2023 05:35:04,0,0,0
08 Aug 2023 05:40:04,-9.30230860853847e-08,7.21765135140622e-08,4.12238329538023e-09
08 Aug 2023 05:45:04,-6.96818051585116e-08,9.18732482327748e-08,-7.64673058311429e-11
08 Aug 2023 05:50:04,0,0,0
08 Aug 2023 05:55:04,-4.87035025319361e-07,5.7895255400736e-07,-4.74221877477767e-08
08 Aug 2023 06:00:04,-3.03568778961736e-08,-2.08197091116817e-08,3.37192810170528e-09
08 Aug 2023 06:05:04,-4.78292550492115e-09,4.45206738927259e-09,1.17469723764851e-09
08 Aug 2023 06:10:04,1.99442696809639e-08,3.04964761297407e-08,-8.16922375828749e-10
08 Aug 2023 06:15:04,4.2846449496619e-08,5.65100987190178e-08,-2.50514361590205e-09
08 Aug 2023 06:20:04,5.29212179276524e-08,7.14291840083989e-08,-2.96040764226802e-09
08 Aug 2023 06:25:04,2.61806388830095e-08,4.91087850023892e-08,-3.23556392464867e-10
08 Aug 2023 06:30:04,-3.3238653810904e-08,-1.06456754191476e-08,4.6951668697551e-09
08 Aug 2023 06:35:04,-6.8724196609896e-08,-5.10789016917149e-08,7.29791031161619e-09
08 Aug 2023 06:40:04,-6.18088962135547e-08,-4.90450407511788e-08,6.303712904428e-09
08 Aug 2023 06:45:04,-3.75670122781963e-08,-2.75191756606549e-08,4.01700855315436e-09
08 Aug 2023 06:50:04,-1.17159454286873e-08,-2.42171998381815e-09,1.75607229244129e-09
08 Aug 2023 06:55:04,1.32126708418356e-08,2.33919086708134e-08,-2.91240300639186e-10
08 Aug 2023 07:00:04,-2.9965873349519e-06,3.06936718878199e-06,8.24222717200108e-08
08 Aug 2023 07:05:04,0,0,0
08 Aug 2023 07:10:04,-9.5858676000241e-08,5.69049542261749e-08,5.80708216288639e-09
08 Aug 2023 07:15:04,-8.41762476350296e-08,8.42229466964845e-08,2.15068226632932e-09
08 Aug 2023 07:20:04,0,0,0
08 Aug 2023 07:25:04,2.61720297435331e-06,-2.40789679806976e-06,-1.0613052990245e-07
08 Aug 2023 07:30:04,-4.47419496991072e-08,-3.42824850893842e-08,4.66974684033723e-09
08 Aug 2023 07:35:04,-1.86892296517748e-08,-9.49045397192622e-09,2.35295994908478e-09
08 Aug 2023 07:40:04,6.39524856629666e-09,1.60203401572644e-08,2.57395663081838e-10
08 Aug 2023 07:45:04,3.07571224361792e-08,4.24718494867748e-08,-1.6393302122784e-09
08 Aug 2023 07:50:04,5.02200692948376e-08,6.59005823300223e-08,-2.96474076995778e-09
08 Aug 2023 07:55:04,4.66503510397721e-08,6.74521897421851e-08,-2.23807467470693e-09
08 Aug 2023 08:00:04,5.68629995368531e-10,2.41085403922602e-08,1.9023835688826e-09
08 Aug 2023 08:05:04,-5.50370773661264e-08,-3.43832420803918e-08,6.38554522609332e-09
08 Aug 2023 08:10:04,-6.94895222214442e-08,-5.42641813424095e-08,7.16140255512071e-09
08 Aug 2023 08:15:04,-5.16489328027581e-08,-4.03803986448348e-08,5.31567532390156e-09
08 Aug 2023 08:20:04,-2.57984104583476e-08,-1.63019429429258e-08,2.97051155955066e-09
08 Aug 2023 08:25:04,-4.38836573964459e-10,9.05600614709436e-09,8.13456021925016e-10
08 Aug 2023 08:30:04,2.42543255977091e-08,3.53822045208256e-08,-1.15221182306464e-09
08 Aug 2023 08:35:04,-2.98991125151212e-07,2.31433795763601e-07,4.30922942050549e-08
08 Aug 2023 08:40:04,0,0,0
08 Aug 2023 08:45:04,-9.34047625756331e-08,7.11274141627164e-08,4.2557613034362e-09
08 Aug 2023 08:50:04,-7.07564283703062e-08,9.15240655086533e-08,7.3342054112789e-11
08 Aug 2023 08:55:04,0,0,0
08 Aug 2023 09:00:04,-7.75794878115208e-08,1.86389435479675e-07,-5.28732216772791e-08
08 Aug 2023 09:05:04,-3.29645298493106e-08,-2.33002410082074e-08,3.60390912501226e-09
08 Aug 2023 09:10:04,-7.28662289789459e-09,1.90944507905588e-09,1.38416616781226e-09
08 Aug 2023 09:15:04,1.74750740707307e-08,2.78225661599191e-08,-6.24087140480576e-10
08 Aug 2023 09:20:04,4.07740602732102e-08,5.40392051619751e-08,-2.36204584943522e-09
08 Aug 2023 09:25:04,5.30828519639169e-08,7.10574031318608e-08,-3.01824161894691e-09
08 Aug 2023 09:30:04,3.09043790264228e-08,5.3528192296531e-08,-7.49956168685533e-10
08 Aug 2023 09:35:04,-2.7355461853733e-08,-4.46662134070398e-09,4.22002915716765e-09
08 Aug 2023 09:40:04,-6.72764433261026e-08,-4.90726823139336e-08,7.22139180069981e-09
08 Aug 2023 09:45:04,-6.3639749740089e-08,-5.04754570604785e-08,6.49264005263747e-09
08 Aug 2023 09:50:04,-4.0164215043615e-08,-2.99366484752172e-08,4.25275205655557e-09
08 Aug 2023 09:55:04,-1.42528370152484e-08,-4.95473899356675e-09,1.97215272263126e-09
08 Aug 2023 10:00:04,1.07257103610813e-08,2.0746573945017e-08,-9.27744264037729e-11
08 Aug 2023 10:05:04,-1.99371082085769e-06,2.07030374448209e-06,5.36736349076131e-08
08 Aug 2023 10:10:04,-2.1895706337887e-05,-7.68900208137206e-05,-2.31621899729079e-06
08 Aug 2023 10:15:04,3.83159933628165e-05,6.69834289477302e-05,4.74618026318499e-06
08 Aug 2023 10:20:04,-8.60901524055139e-08,8.23395717552379e-08,2.51515095982933e-09
08 Aug 2023 10:25:04,-6.47478797095355e-05,-4.00491326363075e-05,-4.66890134537342e-06
08 Aug 2023 10:30:04,7.55748350113285e-05,2.22325164540664e-05,2.11560406362346e-06
08 Aug 2023 10:35:04,-1.08784023451716e-06,1.04133965628043e-06,-1.29963699812279e-08
08 Aug 2023 10:40:04,-2.12617093774799e-08,-1.20138227031109e-08,2.57553336436861e-09
08 Aug 2023 10:45:04,3.90872452449801e-09,1.34223813952303e-08,4.59415535741666e-10
08 Aug 2023 10:50:04,2.83590575847308e-08,3.97839155606914e-08,-1.4595809732694e-09
08 Aug 2023 10:55:04,4.88056175737552e-08,6.40047172971879e-08,-2.88439038169496e-09
08 Aug 2023 11:00:04,4.87711015006476e-08,6.90756240288706e-08,-2.45933969603903e-09
08 Aug 2023 11:05:04,6.69562198436933e-09,3.01918143988708e-08,1.37837631726634e-09
08 Aug 2023 11:10:04,-5.08328172604096e-08,-2.9692429798136e-08,6.068865636482e-09
08 Aug 2023 11:15:04,-6.9897197406072e-08,-5.41554103346433e-08,7.23903750397413e-09
08 Aug 2023 11:20:04,-5.40340245431495e-08,-4.24669381614184e-08,5.54324242865435e-09
08 Aug 2023 11:25:04,-2.8409762329419e-08,-1.88162156363764e-08,3.20061805114384e-09
08 Aug 2023 11:30:04,-2.95468377815144e-09,6.47261995780428e-09,1.02185961396938e-09
08 Aug 2023 11:35:04,2.17644538176188e-08,3.26521373792016e-08,-9.60237566119236e-10
08 Aug 2023 11:40:04,-1.68689457155103e-07,1.02197940965918e-07,4.09972775160107e-08
08 Aug 2023 11:45:04,0,0,0
08 Aug 2023 11:50:04,-9.46695066952998e-08,6.70730747041366e-08,4.74989616480286e-09
08 Aug 2023 11:55:04,-7.48206626227076e-08,8.99997605076355e-08,6.51824856234885e-10
08 Aug 2023 12:00:04,0,0,0
08 Aug 2023 12:05:04,-2.05566955357946e-07,3.23606684020039e-07,-5.45501969755566e-08
08 Aug 2023 12:10:04,-3.55910055592688e-08,-2.57799195950732e-08,3.83910683306105e-09
08 Aug 2023 12:15:04,-9.8320928430196e-09,-6.61039945543445e-10,1.59833248651063e-09
08 Aug 2023 12:20:04,1.49836630935431e-08,2.51412606926345e-08,-4.28138995489945e-10
08 Aug 2023 12:25:04,3.86099966101248e-08,5.1493428564353e-08,-2.20977182003353e-09
08 Aug 2023 12:30:04,5.28697807989463e-08,7.03080903823697e-08,-3.04447834483612e-09
08 Aug 2023 12:35:04,3.52006956629583e-08,5.74662453354839e-08,-1.14451190715293e-09
08 Aug 2023 12:40:04,-2.11791514242518e-08,1.94758689645027e-09,3.71518361359869e-09
08 Aug 2023 12:45:04,-6.52953819506037e-08,-4.65282730720186e-08,7.09996806529389e-09
08 Aug 2023 12:50:04,-6.5304905054792e-08,-5.17120934523538e-08,6.6698194319039e-09
08 Aug 2023 12:55:04,-4.27807216946844e-08,-3.23506539514768e-08,4.4920228675226e-09
08 Aug 2023 13:00:04,-1.68389468439557e-08,-7.52060774179806e-09,2.1937681146947e-09
08 Aug 2023 13:05:04,8.19439060003077e-09,1.80711771264316e-08,1.10640464668051e-10
08 Aug 2023 13:10:04,3.25423580652536e-08,4.46652771044964e-08,-1.77517246046277e-09
08 Aug 2023 13:15:04,2.23684882367952e-06,-2.56183687194275e-06,7.82616900939461e-08
08 Aug 2023 13:20:04,0,0,0
08 Aug 2023 13:25:04,-8.76287952729616e-08,8.05522191453077e-08,2.83167738624642e-09
08 Aug 2023 13:30:04,-5.99596420789274e-08,9.30102376011233e-08,-1.28496817421341e-09
08 Aug 2023 13:35:04,0,0,0
08 Aug 2023 13:40:04,-3.00204325816108e-06,3.02105011892148e-06,-4.71849898501711e-08
08 Aug 2023 13:45:04,-2.38797394560542e-08,-1.45647829155459e-08,2.80345588585514e-09
08 Aug 2023 13:50:04,1.36868787749859e-09,1.07847457305418e-08,6.67125595706666e-10
08 Aug 2023 13:55:04,2.58923351084657e-08,3.70413371786247e-08,-1.2728395463567e-09
08 Aug 2023 14:00:04,4.71673263928718e-08,6.18931939789506e-08,-2.78434782528965e-09
08 Aug 2023 14:05:04,5.04352994869614e-08,7.02148433674183e-08,-2.64411063705811e-09
08 Aug 2023 14:10:04,1.27194761255287e-08,3.61020909113089e-08,8.57342667694911e-10
08 Aug 2023 14:15:04,-4.60781082970606e-08,-2.44772450742883e-08,5.70325924085017e-09
08 Aug 2023 14:20:04,-6.99321899158997e-08,-5.36500810082955e-08,7.2869919591839e-09
08 Aug 2023 14:25:04,-5.63892318737264e-08,-4.44969886442123e-08,5.77048043073131e-09
08 Aug 2023 14:30:04,-3.10640456561792e-08,-2.13556796484425e-08,3.43584374445827e-09
08 Aug 2023 14:35:04,-5.50991523880672e-09,3.86369314871614e-09,1.2347546300781e-09
08 Aug 2023 14:40:04,1.92578853495713e-08,2.99205714972504e-08,-7.65589479687388e-10
08 Aug 2023 14:45:04,-7.14712279259022e-07,6.84953246327694e-07,4.20725913785603e-08
08 Aug 2023 14:50:04,0,0,0
08 Aug 2023 14:55:04,-9.57114462795749e-08,5.93404036866185e-08,5.56735701769493e-09
08 Aug 2023 15:00:04,-7.4863772505455e-08,8.9907883390699e-08,6.6480167999836e-10
08 Aug 2023 15:05:04,0,0,0
08 Aug 2023 15:10:04,4.12228377121435e-07,-2.72646665115452e-07,-6.25985410231987e-08
08 Aug 2023 15:15:04,-3.82724250024393e-08,-2.82905204280123e-08,4.0809465180154e-09
08 Aug 2023 15:20:04,-1.24221895182992e-08,-3.25764945981032e-09,1.81781678397112e-09
08 Aug 2023 15:25:04,1.24295254272509e-08,2.24131080605883e-08,-2.25547918745648e-10
08 Aug 2023 15:30:04,3.62961949207491e-08,4.88105966551308e-08,-2.04372680002934e-09
08 Aug 2023 15:35:04,5.23657962558367e-08,6.92677890447374e-08,-3.04601086027243e-09
08 Aug 2023 15:40:04,3.90894310825267e-08,6.09517883948501e-08,-1.50816461226581e-09
08 Aug 2023 15:45:04,-1.47714939102565e-08,8.53792173225482e-09,3.18610658685599e-09
08 Aug 2023 15:50:04,-6.27839921069334e-08,-4.34520435525734e-08,6.93361421683823e-09
08 Aug 2023 15:55:04,-6.67845039210704e-08,-5.2735703170179e-08,6.83351652772291e-09
08 Aug 2023 16:00:04,-4.54079240225384e-08,-3.47535948730782e-08,4.73400957631081e-09
08 Aug 2023 16:05:04,-1.94425353111574e-08,-1.00865045608629e-08,2.41831236726924e-09
08 Aug 2023 16:10:04,5.63438228427564e-09,1.53834093581148e-08,3.17839683415327e-10
08 Aug 2023 16:15:04,3.00831633996177e-08,4.18911722402056e-08,-1.59195921400639e-09
08 Aug 2023 16:20:04,1.78675520866622e-06,-2.0607386782653e-06,6.69171012493008e-08
08 Aug 2023 16:25:04,0,0,0
08 Aug 2023 16:30:04,3.50044043693572e-06,-3.28951358627471e-06,9.6065317943183e-08
08 Aug 2023 16:35:04,-6.05962287116831e-08,9.29514707125269e-08,-1.20537486008518e-09
08 Aug 2023 16:40:04,0,0,0
08 Aug 2023 16:45:04,-2.52224283632594e-06,2.54260344841864e-06,-4.34654616357327e-08
08 Aug 2023 16:50:04,-2.65440977895202e-08,-1.71426460772095e-08,3.03691319036906e-09
08 Aug 2023 16:55:04,-1.19715583991589e-09,8.13872579827422e-09,8.78467240879833e-10
08 Aug 2023 17:00:04,2.33748110156766e-08,3.4266387776693e-08,-1.08025760187952e-09
08 Aug 2023 17:05:04,4.53955948220667e-08,5.96651736751722e-08,-2.67157035565145e-09
08 Aug 2023 17:10:04,5.1631387890874e-08,7.08752134775989e-08,-2.79000463516489e-09
08 Aug 2023 17:15:04,1.84960812263136e-08,4.17097540035585e-08,3.52725255725562e-10
08 Aug 2023 17:20:04,-4.08994080972264e-08,-1.88720651651804e-08,5.29881333933519e-09
08 Aug 2023 17:25:04,-6.9601567178683e-08,-5.27622012643015e-08,7.30529094242655e-09
08 Aug 2023 17:30:04,-5.86560201733123e-08,-4.64129999685454e-08,5.99233248277839e-09
08 Aug 2023 17:35:04,-3.37332426801686e-08,-2.38886843703286e-08,3.67410525806041e-09
08 Aug 2023 17:40:04,-8.09363941788541e-09,1.24313655342601e-09,1.45146197276528e-09
08 Aug 2023 17:45:04,1.67102987860794e-08,2.71655632151114e-08,-5.66007100496773e-10
08 Aug 2023 17:50:04,-8.9644417734304e-07,8.81676905787565e-07,4.21419177259363e-08
08 Aug 2023 17:55:04,0,0,0
08 Aug 2023 18:00:04,-9.56728743287151e-08,5.7090227933345e-08,5.77582738979033e-09
08 Aug 2023 18:05:04,-7.69238873998075e-08,8.88807908360754e-08,9.77227585083991e-10
08 Aug 2023 18:10:04,0,0,0
08 Aug 2023 18:15:04,6.65389756399626e-07,-5.08606496034511e-07,-6.79555289017706e-08
08 Aug 2023 18:20:04,-4.09485522162106e-08,-3.07761824340032e-08,4.32394793516115e-09
08 Aug 2023 18:25:04,-1.50310498906187e-08,-5.85772045117364e-09,2.04015650083769e-09
08 Aug 2023 18:30:04,9.88283323769861e-09,1.9709641911667e-08,-2.21647797481788e-11
08 Aug 2023 18:35:04,3.39491123307078e-08,4.61170737190798e-08,-1.87298733676879e-09
08 Aug 2023 18:40:04,5.15338340087899e-08,6.79112246039404e-08,-3.01871198585431e-09
08 Aug 2023 18:45:04,4.24926119456771e-08,6.39159047893848e-08,-1.83354128016603e-09
08 Aug 2023 18:50:04,-8.34410027346933e-09,1.50854171739738e-08,2.65016666892545e-09
08 Aug 2023 18:55:04,-5.97519299391435e-08,-3.98640433222957e-08,6.72228528973331e-09
08 Aug 2023 19:00:04,-6.80022757426406e-08,-5.34735428065304e-08,6.97695448291589e-09
08 Aug 2023 19:05:04,-4.79726220215112e-08,-3.7068399585295e-08,4.97280726626137e-09
08 Aug 2023 19:10:04,-2.20990944732029e-08,-1.26881630179402e-08,2.64877952448962e-09
08 Aug 2023 19:15:04,3.09524967730373e-09,1.27343868792265e-08,5.24736504948524e-10
08 Aug 2023 19:20:04,2.76099198221931e-08,3.91257084646661e-08,-1.40568241317721e-09
08 Aug 2023 19:25:04,1.61509134287851e-06,-1.85834824275761e-06,6.21754653438772e-08
08 Aug 2023 19:30:04,0,0,0
08 Aug 2023 19:35:04,-9.33165375535692e-08,7.08268587695476e-08,4.27680555354087e-09
08 Aug 2023 19:40:04,-6.35126090023893e-08,9.27403996555118e-08,-8.49065960431264e-10
08 Aug 2023 19:45:04,0,0,0
08 Aug 2023 19:50:04,-2.46352755058148e-06,2.48906680423781e-06,-4.51048437340361e-08
08 Aug 2023 19:55:04,-2.92105827463885e-08,-1.97059684020665e-08,3.27192180334244e-09
08 Aug 2023 20:00:04,-3.75742157498524e-09,5.51344846469372e-09,1.09058698793132e-09
08 Aug 2023 20:05:04,2.0858938975896e-08,3.15121594167562e-08,-8.86239464413732e-10
08 Aug 2023 20:10:04,4.34512894841125e-08,5.72839934092476e-08,-2.54252578081083e-09
08 Aug 2023 20:15:04,5.24027505255618e-08,7.1103122463459e-08,-2.90046084799567e-09
08 Aug 2023 20:20:04,2.39249720109294e-08,4.69068508223017e-08,-1.27561180962502e-10
08 Aug 2023 20:25:04,-3.53157645653502e-08,-1.29079266786622e-08,4.85614978346641e-09
08 Aug 2023 20:30:04,-6.88099335587089e-08,-5.14038230312601e-08,7.28520913510068e-09
08 Aug 2023 20:35:04,-6.07651730802876e-08,-4.8145168550251e-08,6.20296355494048e-09
08 Aug 2023 20:40:04,-3.64150136458372e-08,-2.64146158538005e-08,3.91506145090697e-09
08 Aug 2023 20:45:04,-1.06857144620871e-08,-1.36847705118453e-09,1.6703050023397e-09
08 Aug 2023 20:50:04,1.41650970079851e-08,2.44319888200243e-08,-3.65058585873521e-10
08 Aug 2023 20:55:04,-8.83824524988255e-07,8.74322629536296e-07,4.03834846159515e-08
08 Aug 2023 21:00:04,0,0,0
08 Aug 2023 21:05:04,-9.53817579544691e-08,5.37047767903547e-08,6.07000778331315e-09
08 Aug 2023 21:10:04,-7.99172076187415e-08,8.71050521934923e-08,1.45244032276252e-09
08 Aug 2023 21:15:04,0,0,0
08 Aug 2023 21:20:04,7.27543967824738e-07,-5.55302457584503e-07,-7.12822648442011e-08
08 Aug 2023 21:25:04,-4.36139321659824e-08,-3.3229996802797e-08,4.56776761757649e-09
08 Aug 2023 21:30:04,-1.76471915290723e-08,-8.44832654151608e-09,2.26449542173861e-09
08 Aug 2023 21:35:04,7.33142895492716e-09,1.70184050387959e-08,1.83019435783695e-10
08 Aug 2023 21:40:04,3.1555991493914e-08,4.33971696362431e-08,-1.69671122067067e-09
08 Aug 2023 21:45:04,5.04369745423464e-08,6.63000491586283e-08,-2.96806053396642e-09
08 Aug 2023 21:50:04,4.53925889389013e-08,6.63420900644391e-08,-2.11904751786898e-09
08 Aug 2023 21:55:04,-1.88274631232679e-09,2.15978633471093e-08,2.10561956232771e-09
08 Aug 2023 22:00:04,-5.61828448783932e-08,-3.57588783923421e-08,6.46368504621001e-09
08 Aug 2023 22:05:04,-6.88968944539704e-08,-5.38649047821972e-08,7.094871266844e-09
08 Aug 2023 22:10:04,-5.05310972727576e-08,-3.93539407377762e-08,5.21298747025113e-09
08 Aug 2023 22:15:04,-2.47559750405592e-08,-1.52712509282092e-08,2.88083493742332e-09
08 Aug 2023 22:20:04,5.16219706992412e-10,1.00618204728554e-08,7.36371726944735e-10
08 Aug 2023 22:25:04,2.51057437235753e-08,3.6348142587192e-08,-1.21522415800436e-09
08 Aug 2023 22:30:04,1.54012101905444e-06,-1.76267615975663e-06,5.95424570874844e-08
08 Aug 2023 22:35:04,0,0,0
08 Aug 2023 22:40:04,-9.43808085166241e-08,6.74016177472583e-08,4.69426216513311e-09
08 Aug 2023 22:45:04,-6.71318349494495e-08,9.21648490556044e-08,-3.86827145175475e-10
08 Aug 2023 22:50:04,0,0,0
08 Aug 2023 22:55:04,-2.56417246601025e-06,2.59132870110401e-06,-4.79606808578126e-08
08 Aug 2023 23:00:04,-3.1902059974766e-08,-2.22738738132114e-08,3.51073287787664e-09
08 Aug 2023 23:05:04,-6.34749678183253e-09,2.8752548792667e-09,1.30663495849412e-09
08 Aug 2023 23:10:04,1.83194753573924e-08,2.87523828355512e-08,-6.88724543983596e-10
08 Aug 2023 23:15:04,4.13549301845291e-08,5.47669314090951e-08,-2.39922590581121e-09
08 Aug 2023 23:20:04,5.27390874526149e-08,7.08877408366149e-08,-2.97464610340501e-09
08 Aug 2023 23:25:04,2.89682282959919e-08,5.16549021756404e-08,-5.80339896198119e-10
08 Aug 2023 23:30:04,-2.93662991411076e-08,-6.63522453378658e-09,4.3776616484959e-09
08 Aug 2023 23:35:04,-6.74642508745362e-08,-4.94827374859322e-08,7.21877329685519e-09
08 Aug 2023 23:40:04,-6.27248006822673e-08,-4.96997692780665e-08,6.40321782841385e-09
08 Aug 2023 23:45:04,-3.90986364916553e-08,-2.89197535371185e-08,4.15805077816804e-09
08 Aug 2023 23:50:04,-1.33048259853245e-08,-3.98924112098341e-09,1.8929223132752e-09
08 Aug 2023 23:55:04,1.15792781422659e-08,2.16750972530937e-08,-1.59232157462854e-10
09 Aug 2023 00:00:04,-1.20565386677119e-06,1.21467560210439e-06,4.28751051325837e-08
09 Aug 2023 00:05:04,0,0,0
09 Aug 2023 00:10:04,-9.51586534427635e-08,5.24960584888021e-08,6.16549865203622e-09
09 Aug 2023 00:15:04,-8.67937472658851e-08,8.12044357149633e-08,2.69021803561095e-09
09 Aug 2023 00:20:04,0,0,0
09 Aug 2023 00:25:04,1.186216212342e-06,-9.90731371755352e-07,-7.95876926169699e-08
09 Aug 2023 00:30:04,-4.62581605777864e-08,-3.56355403894361e-08,4.81201524099611e-09
09 Aug 2023 00:35:04,-2.03181089042792e-08,-1.10746972480042e-08,2.49505580471361e-09
09 Aug 2023 00:40:04,4.75284843517968e-09,1.43179504974984e-08,3.91997437443234e-10
09 Aug 2023 00:45:04,2.90652556886213e-08,4.05980069522156e-08,-1.51062223612043e-09
09 Aug 2023 00:50:04,4.90449708628619e-08,6.44030249057171e-08,-2.8915663535738e-09
09 Aug 2023 00:55:04,4.77534074585548e-08,6.8194860801901e-08,-2.3615871169335e-09
09 Aug 2023 01:00:04,4.51656721221604e-09,2.79740785531146e-08,1.56019583758403e-09
09 Aug 2023 01:05:04,-5.20036929203852e-08,-3.10673072459312e-08,6.15129236353404e-09
09 Aug 2023 01:10:04,-6.94504186611607e-08,-5.38911627873986e-08,7.18580216869144e-09
09 Aug 2023 01:15:04,-5.30414612173657e-08,-4.15652984466058e-08,5.45124349281382e-09
09 Aug 2023 01:20:04,-2.7448012188614e-08,-1.78708821028475e-08,3.11741879930217e-09
09 Aug 2023 01:25:04,-2.0986599870084e-09,7.36885716238564e-09,9.52329177619999e-10
09 Aug 2023 01:30:04,2.25458467446542e-08,3.35301147741304e-08,-1.01877041097263e-09
09 Aug 2023 01:35:04,1.02244782374606e-06,-1.18370376756016e-06,4.903197046707e-08
09 Aug 2023 01:40:04,0,0,0
09 Aug 2023 01:45:04,-9.43034609801882e-08,6.74675102941877e-08,4.68143094641059e-09
09 Aug 2023 01:50:04,-7.42029979610767e-08,8.9980274352502e-08,5.87468287284834e-10
09 Aug 2023 01:55:04,0,0,0
09 Aug 2023 02:00:04,-1.83358829736588e-06,1.89652392819735e-06,-4.77938725171798e-08
09 Aug 2023 02:05:04,-3.46457710957276e-08,-2.48709612561957e-08,3.75587737876168e-09
09 Aug 2023 02:10:04,-8.98772147640984e-09,2.0486427233433e-10,1.528425954727e-09
09 Aug 2023 02:15:04,1.5725093614789e-08,2.59551792397972e-08,-4.85096624251325e-10
09 Aug 2023 02:20:04,3.9142824895296e-08,5.21518116624305e-08,-2.24463075281207e-09
09 Aug 2023 02:25:04,5.26721075250489e-08,7.02665929575957e-08,-3.01477272054505e-09
09 Aug 2023 02:30:04,3.36069286030479e-08,5.5944812221823e-08,-1.00319022384195e-09
09 Aug 2023 02:35:04,-2.30771838357895e-08,-7.43175491359841e-11,3.86605139942924e-09
09 Aug 2023 02:40:04,-6.56230968176296e-08,-4.70570530411375e-08,7.11100045312944e-09
09 Aug 2023 02:45:04,-6.4538368916998e-08,-5.1079084709896e-08,6.59348886719161e-09
09 Aug 2023 02:50:04,-4.18265900304686e-08,-3.14473577851714e-08,4.40662032004129e-09
09 Aug 2023 02:55:04,-1.59871159281517e-08,-6.65875248749571e-09,2.1221022334363e-09
09 Aug 2023 03:00:04,8.94981866584706e-09,1.88885039382258e-08,5.14533731860518e-11
09 Aug 2023 03:05:04,-1.68292347074526e-06,1.71498828134636e-06,4.94637406340644e-08
09 Aug 2023 03:10:04,0,0,0
09 Aug 2023 03:15:04,3.21197617850534e-06,-2.12042139551958e-06,4.08582206458594e-07
09 Aug 2023 03:20:04,-8.69660289165847e-08,8.09247539418765e-08,2.73305185950769e-09
09 Aug 2023 03:25:04,0,0,0
09 Aug 2023 03:30:04,1.83600263896801e-06,-1.60999988872859e-06,-9.20688341237875e-08
09 Aug 2023 03:35:04,-4.89292025398964e-08,-3.80425148177664e-08,5.06062106042083e-09
09 Aug 2023 03:40:04,-2.30239425085326e-08,-1.37169444173618e-08,2.73014997446687e-09
09 Aug 2023 03:45:04,2.12769988391856e-09,1.15861730336002e-08,6.06191440030004e-10
09 Aug 2023 03:50:04,2.65347559780103e-08,3.77758172211359e-08,-1.31977208600201e-09
09 Aug 2023 03:55:04,4.74632289987225e-08,6.23284443810904e-08,-2.79794859388826e-09
09 Aug 2023 04:00:04,4.96537725497797e-08,6.95642047168456e-08,-2.56691472589899e-09
09 Aug 2023 04:05:04,1.0821626453645e-08,3.41924037398456e-08,1.01750472068275e-09
09 Aug 2023 04:10:04,-4.73019390394463e-08,-2.58736540692993e-08,5.79279891672604e-09
09 Aug 2023 04:15:04,-6.96451046566166e-08,-5.35327295502245e-08,7.24839213632325e-09
09 Aug 2023 04:20:04,-5.55043519534044e-08,-4.37002620682835e-08,5.68786566661831e-09
09 Aug 2023 04:25:04,-3.01947809328439e-08,-2.05051057776193e-08,3.36032098449606e-09
09 Aug 2023 04:30:04,-4.73028060192504e-09,4.67592378209013e-09,1.17109324223462e-09
09 Aug 2023 04:35:04,1.993278784912e-08,3.0676050182454e-08,-8.16386075368886e-10
09 Aug 2023 04:40:04,4.19326598620814e-07,-5.18723757369658e-07,4.10418191191607e-08
09 Aug 2023 04:45:04,0,0,0
09 Aug 2023 04:50:04,-9.54279294466498e-08,6.05476306114989e-08,5.43092028660972e-09
09 Aug 2023 04:55:04,-7.35196351402165e-08,9.01960277835653e-08,4.94268212300547e-10
09 Aug 2023 05:00:04,0,0,0
09 Aug 2023 05:05:04,-9.84373508423147e-07,1.09077260482522e-06,-5.19958035339703e-08
09 Aug 2023 05:10:04,-3.73934452615877e-08,-2.74500847253048e-08,4.00315838985797e-09
09 Aug 2023 05:15:04,-1.16541131274618e-08,-2.474841000563e-09,1.7538296821726e-09
09 Aug 2023 05:20:04,1.31116535435516e-08,2.31563165919158e-08,-2.78411472917447e-10
09 Aug 2023 05:25:04,3.68210679252839e-08,4.94457837801023e-08,-2.07917023614849e-09
09 Aug 2023 05:30:04,5.22590787950367e-08,6.93016954030503e-08,-3.02531412838721e-09
09 Aug 2023 05:35:04,3.77636615924892e-08,5.97032124340945e-08,-1.38919951838026e-09
09 Aug 2023 05:40:04,-1.65400776621508e-08,6.67381381486176e-09,3.32833537179847e-09
09 Aug 2023 05:45:04,-6.32273260083843e-08,-4.40774591126502e-08,6.95605131133753e-09
09 Aug 2023 05:50:04,-6.61274207300739e-08,-5.2205776634734e-08,6.76701845042187e-09
09 Aug 2023 05:55:04,-4.45224278850395e-08,-3.39173706349281e-08,4.65457235434216e-09
09 Aug 2023 06:00:04,-1.86722082438119e-08,-9.31057765357594e-09,2.3532125419611e-09
09 Aug 2023 06:05:04,6.33228760608407e-09,1.6133479816247e-08,2.62743846667097e-10
09 Aug 2023 06:10:04,-2.33416313700387e-06,2.39248601175108e-06,6.23047684813431e-08
09 Aug 2023 06:15:04,0,0,0
09 Aug 2023 06:20:04,-9.34634087518895e-08,4.57759311749744e-08,6.65951619533208e-09
09 Aug 2023 06:25:04,-9.10732206506994e-08,7.50862231723972e-08,3.67121011905247e-09
09 Aug 2023 06:30:04,0,0,0
09 Aug 2023 06:35:04,2.65432035686196e-06,-2.39262882848381e-06,-1.10839596563909e-07
09 Aug 2023 06:40:04,-5.15382152354665e-08,-4.03613710212893e-08,5.30609283845673e-09
09 Aug 2023 06:45:04,-2.57593660186998e-08,-1.6369457700497e-08,2.96934896652727e-09
09 Aug 2023 06:50:04,-5.11094341797999e-10,8.85895280623237e-09,8.23048692469103e-10
09 Aug 2023 06:55:04,2.39732320073712e-08,3.49435292368343e-08,-1.12455552144786e-09
09 Aug 2023 07:00:04,4.56776008327618e-08,6.00688613839508e-08,-2.68544849512974e-09
09 Aug 2023 07:05:04,5.10363873823308e-08,7.04004557282273e-08,-2.72952999211723e-09
09 Aug 2023 07:10:04,1.68386501214767e-08,4.00522689031501e-08,4.93448391156266e-10
09 Aug 2023 07:15:04,-4.20977969284792e-08,-2.02218494759888e-08,5.3879566306217e-09
09 Aug 2023 07:20:04,-6.9404122391073e-08,-5.27238839030254e-08,7.27519268423719e-09
09 Aug 2023 07:25:04,-5.7849053017198e-08,-4.56903859753558e-08,5.91665696547875e-09
09 Aug 2023 07:30:04,-3.2944253086938e-08,-2.31204129027819e-08,3.60524180468374e-09
09 Aug 2023 07:35:04,-7.40891611668255e-09,1.95437797764521e-09,1.39537040256267e-09
09 Aug 2023 07:40:04,1.73190437548485e-08,2.78435463436468e-08,-6.12111089370601e-10
09 Aug 2023 07:45:04,-1.05564506755677e-08,-5.10435195956691e-08,3.78281533073506e-08
09 Aug 2023 07:50:04,0,0,0
09 Aug 2023 07:55:04,-9.54183484422911e-08,5.98866361214607e-08,5.49262239756591e-09
09 Aug 2023 08:00:04,-8.10117961968425e-08,8.61269454426432e-08,1.65527538393044e-09
09 Aug 2023 08:05:04,0,0,0
09 Aug 2023 08:10:04,-4.09914314476601e-07,5.44399737617085e-07,-5.77468702022617e-08
09 Aug 2023 08:15:04,-4.0148902730971e-08,-3.00149399518052e-08,4.25291128777404e-09
09 Aug 2023 08:20:04,-1.43270853825774e-08,-5.14292614436169e-09,1.98129351038286e-09
09 Aug 2023 08:25:04,1.04966404405133e-08,2.03754456743221e-08,-6.99750708598734e-11
09 Aug 2023 08:30:04,3.44087716770487e-08,4.66700981029948e-08,-1.90429057489583e-09
09 Aug 2023 08:35:04,5.14976408864321e-08,6.79965754024155e-08,-3.00558141382313e-09
09 Aug 2023 08:40:04,4.13941203631189e-08,6.2890483270558e-08,-1.73421701340222e-09
09 Aug 2023 08:45:04,-9.91324203458446e-09,1.34390486920778e-08,2.77697717298348e-09
09 Aug 2023 08:50:04,-6.02443811881519e-08,-4.05221413392337e-08,6.75026697992498e-09
09 Aug 2023 08:55:04,-6.74234512420939e-08,-5.30136569786171e-08,6.91779208956884e-09
09 Aug 2023 09:00:04,-4.72066792825131e-08,-3.63512030581783e-08,4.90357867902304e-09
09 Aug 2023 09:05:04,-2.13947667330991e-08,-1.19808818609741e-08,2.58907533814634e-09
09 Aug 2023 09:10:04,3.69393163137219e-09,1.33764036270185e-08,4.77350824580976e-10
09 Aug 2023 09:15:04,-2.56156884654939e-06,2.626432877082e-06,6.67958541923038e-08
09 Aug 2023 09:20:04,0,0,0
09 Aug 2023 09:25:04,-9.28693670041537e-08,4.4231001874574e-08,6.7577532726253e-09
09 Aug 2023 09:30:04,-9.18128468169024e-08,7.35828682932466e-08,3.88121082091802e-09
09 Aug 2023 09:35:04,0,0,0
09 Aug 2023 09:40:04,3.08237785050007e-06,-2.7966126859934e-06,-1.23346903362099e-07
09 Aug 2023 09:45:04,-5.4073613491254e-08,-4.25801689761119e-08,5.54747436919285e-09
09 Aug 2023 09:50:04,-2.85021902086339e-08,-1.9009426710924e-08,3.21081756459145e-09
09 Aug 2023 09:55:04,-3.15465214472495e-09,6.14496913839591e-09,1.04179732423735e-09
09 Aug 2023 10:00:04,2.13758935194412e-08,3.20956520817919e-08,-9.2462293252511e-10
09 Aug 2023 10:05:04,4.37038058876626e-08,5.76384678727715e-08,-2.55552755801873e-09
09 Aug 2023 10:10:04,5.19436138962071e-08,7.074803593614e-08,-2.85286207927108e-09
09 Aug 2023 10:15:04,2.2512354473531e-08,4.55010498122314e-08,-7.05666813644896e-12
09 Aug 2023 10:20:04,-3.6454369745884e-08,-1.41780277748917e-08,4.94187472970255e-09
09 Aug 2023 10:25:04,-6.86643348088414e-08,-5.14024061624459e-08,7.26076148617056e-09
09 Aug 2023 10:30:04,-6.00548482296265e-08,-4.75124318053976e-08,6.1360654429515e-09
09 Aug 2023 10:35:04,-3.57113565108544e-08,-2.57304884244349e-08,3.85355286977532e-09
09 Aug 2023 10:40:04,-1.00784358045084e-08,-7.38859624293672e-10,1.6204556727318e-09
09 Aug 2023 10:45:04,1.46825911702737e-08,2.50077090421264e-08,-4.04309897741056e-10
09 Aug 2023 10:50:04,-7.51662263167765e-09,-4.65607928491498e-08,3.60861547367506e-08
09 Aug 2023 10:55:04,0,0,0
09 Aug 2023 11:00:04,-9.53737602297318e-08,5.62084940002499e-08,5.83549478508904e-09
09 Aug 2023 11:05:04,-8.39214161849602e-08,8.37643343515897e-08,2.16858851097069e-09
09 Aug 2023 11:10:04,0,0,0
09 Aug 2023 11:15:04,-4.31127964928566e-07,5.78298693210126e-07,-6.04291098391713e-08
09 Aug 2023 11:20:04,-4.28978668429928e-08,-3.2549702761065e-08,4.50404910060053e-09
09 Aug 2023 11:25:04,-1.70453457235935e-08,-7.8388278369344e-09,2.21404619240362e-09
09 Aug 2023 11:30:04,7.85229446492155e-09,1.75818872244434e-08,1.42329985830557e-10
09 Aug 2023 11:35:04,3.19390312960375e-08,4.38570957618307e-08,-1.72286662200596e-09
09 Aug 2023 11:40:04,5.04142364065498e-08,6.63778256316597e-08,-2.95780824116074e-09
09 Aug 2023 11:45:04,4.44891626854183e-08,6.55020860768765e-08,-2.037084354121e-09
09 Aug 2023 11:50:04,-3.26437260507227e-09,2.01519415257754e-08,2.21758334198521e-09
09 Aug 2023 11:55:04,-5.66209734317324e-08,-3.63415356814784e-08,6.48880983984851e-09
09 Aug 2023 12:00:04,-6.83983392049881e-08,-5.34724975837893e-08,7.04359517042781e-09
09 Aug 2023 12:05:04,-4.98438556371816e-08,-3.87098406075448e-08,5.15091534971611e-09
09 Aug 2023 12:10:04,-2.41568710777413e-08,-1.46702460016483e-08,2.8299917319133e-09
09 Aug 2023 12:15:04,1.0179952584661e-09,1.0599219157255e-08,6.96591864234892e-10
09 Aug 2023 12:20:04,-2.47373378397693e-06,2.53642379438951e-06,6.35640540579055e-08
09 Aug 2023 12:25:04,0,0,0
09 Aug 2023 12:30:04,-9.15090066286172e-08,4.11131491122541e-08,6.94388814338886e-09
09 Aug 2023 12:35:04,-9.31333806253025e-08,7.04404353226919e-08,4.29767907837732e-09
09 Aug 2023 12:40:04,0,0,0
09 Aug 2023 12:45:04,3.24570395660458e-06,-2.936911637095e-06,-1.29107406616439e-07
09 Aug 2023 12:50:04,-5.65423727262708e-08,-4.47032466357004e-08,5.78557381084366e-09
09 Aug 2023 12:55:04,-3.12957116910849e-08,-2.16791578965241e-08,3.45831600990923e-09
09 Aug 2023 13:00:04,-5.84550162357912e-09,3.39994178761874e-09,1.26590603205758e-09
09 Aug 2023 13:05:04,1.87365533905555e-08,2.9222740630268e-08,-7.19718598893973e-10
09 Aug 2023 13:10:04,4.1566100198062e-08,5.50605594032435e-08,-2.41032609109122e-09
09 Aug 2023 13:15:04,5.23684417734085e-08,7.06006171939839e-08,-2.93625717772653e-09
09 Aug 2023 13:20:04,2.7789829536881e-08,5.0482734220902e-08,-4.79770400998805e-10
09 Aug 2023 13:25:04,-3.03251469468851e-08,-7.70223676277891e-09,4.45005759290975e-09
09 Aug 2023 13:30:04,-6.73825237651344e-08,-4.95251634736572e-08,7.20142087983153e-09
09 Aug 2023 13:35:04,-6.21278654826644e-08,-4.91707237422423e-08,6.34676423674701e-09
09 Aug 2023 13:40:04,-3.85179462561292e-08,-2.83571769486966e-08,4.10711544167346e-09
09 Aug 2023 13:45:04,-1.28058406714463e-08,-3.4735666342094e-09,1.85181703068603e-09
09 Aug 2023 13:50:04,1.20154542241091e-08,2.2157677315822e-08,-1.92540361078971e-10
09 Aug 2023 13:55:04,-3.941687724582e-07,3.67333434585559e-07,3.51559247423846e-08
09 Aug 2023 14:00:04,0,0,0
09 Aug 2023 14:05:04,-9.52625904606225e-08,5.53498849805277e-08,5.90737693243044e-09
09 Aug 2023 14:10:04,-8.45150447907319e-08,8.31338666188358e-08,2.28645997045397e-09
09 Aug 2023 14:15:04,0,0,0
09 Aug 2023 14:20:04,1.49639956874906e-07,2.46808103503214e-08,-6.75594091488631e-08
09 Aug 2023 14:25:04,-4.56698886637118e-08,-3.50787929818138e-08,4.75950352565839e-09
09 Aug 2023 14:30:04,-1.98120767831239e-08,-1.05625784537467e-08,2.45261656645321e-09
09 Aug 2023 14:35:04,5.15638615741168e-09,1.47546771569427e-08,3.60496688097721e-10
09 Aug 2023 14:40:04,2.93669737251298e-08,4.09586789679622e-08,-1.53135167304505e-09
09 Aug 2023 14:45:04,4.90544076734657e-08,6.4489165166302e-08,-2.88601532019382e-09
09 Aug 2023 14:50:04,4.70771375630646e-08,6.75689460683775e-08,-2.29999650108818e-09
09 Aug 2023 14:55:04,3.41606991860641e-09,2.68235430276217e-08,1.64946782564731e-09
09 Aug 2023 15:00:04,-5.24172870752889e-08,-3.15997557269769e-08,6.17647219198322e-09
09 Aug 2023 15:05:04,-6.90493791986992e-08,-5.35798298850541e-08,7.14418263366882e-09
09 Aug 2023 15:10:04,-5.24817740986214e-08,-4.10425779659576e-08,5.40052902315203e-09
09 Aug 2023 15:15:04,-2.69390577444852e-08,-1.73603313250111e-08,3.07421865601569e-09
09 Aug 2023 15:20:04,-1.683235684597e-09,7.81387967361163e-09,9.19397838984498e-10
09 Aug 2023 15:25:04,2.28665636608426e-08,3.39059275126522e-08,-1.04154088218244e-09
09 Aug 2023 15:30:04,1.57825843753094e-06,-1.79245288094038e-06,5.95421077617518e-08
09 Aug 2023 15:35:04,0,0,0
09 Aug 2023 15:40:04,-9.29983001968153e-08,7.06194997503241e-08,4.26881630445342e-09
09 Aug 2023 15:45:04,-7.11412966212683e-08,9.08425929293937e-08,1.77031581681151e-10
09 Aug 2023 15:50:04,0,0,0
09 Aug 2023 15:55:04,-2.87168325202538e-06,2.89455813859997e-06,-5.23635405032922e-08
09 Aug 2023 16:00:04,-3.4133431543528e-08,-2.43679248741813e-08,3.71163818964698e-09
09 Aug 2023 16:05:04,-8.58119437658368e-09,6.3005917851661e-10,1.49547456501928e-09
09 Aug 2023 16:10:04,1.60431732209894e-08,2.63151871404892e-08,-5.08618615347718e-10
09 Aug 2023 16:15:04,3.92917832010391e-08,5.23631634821851e-08,-2.25210378819293e-09
09 Aug 2023 16:20:04,5.24020356821368e-08,7.00604393884152e-08,-2.98654582912213e-09
09 Aug 2023 16:25:04,3.2692151925904e-08,5.50358731459031e-08,-9.25040015899408e-10
09 Aug 2023 16:30:04,-2.38664904342638e-08,-9.52164400193762e-10,3.92568156357346e-09
09 Aug 2023 16:35:04,-6.55501386553871e-08,-4.70887329477364e-08,7.09602030830768e-09
09 Aug 2023 16:40:04,-6.40322367815281e-08,-5.06305907409479e-08,6.54560808299951e-09
09 Aug 2023 16:45:04,-4.13024680454236e-08,-3.09369319209949e-08,4.36086387069197e-09
09 Aug 2023 16:50:04,-1.55665443407471e-08,-6.22198178555544e-09,2.08762651427515e-09
09 Aug 2023 16:55:04,9.30414778112229e-09,1.92818270592176e-08,2.44960386507989e-11
09 Aug 2023 17:00:04,-7.72467297964875e-07,7.67827133956102e-07,3.62457060526984e-08
09 Aug 2023 17:05:04,0,0,0
09 Aug 2023 17:10:04,-9.36381865191313e-08,4.68888850267073e-08,6.57107922976931e-09
09 Aug 2023 17:15:04,-8.5198316984958e-08,8.24074971572165e-08,2.42193118711934e-09
09 Aug 2023 17:20:04,0,0,0
09 Aug 2023 17:25:04,7.39287471264857e-07,-5.38348306561465e-07,-7.61184380717339e-08
09 Aug 2023 17:30:04,-4.84263507892243e-08,-3.75655249958532e-08,5.01583171962955e-09
09 Aug 2023 17:35:04,-2.26067557332178e-08,-1.32943631598054e-08,2.6952009152747e-09
09 Aug 2023 17:40:04,2.44338009658828e-09,1.19290304902245e-08,5.816576771897e-10
09 Aug 2023 17:45:04,2.67650757506346e-08,3.80528785949195e-08,-1.33544523647837e-09
09 Aug 2023 17:50:04,4.74555554790955e-08,6.23813019734711e-08,-2.79227840397629e-09
09 Aug 2023 17:55:04,4.91041656968549e-08,6.90540236229253e-08,-2.51698162299814e-09
09 Aug 2023 18:00:04,9.90563449699472e-09,3.32363214893273e-08,1.09193698384113e-09
09 Aug 2023 18:05:04,-4.76436537802418e-08,-2.63168432839965e-08,5.8133221727772e-09
09 Aug 2023 18:10:04,-6.93200063448438e-08,-5.32847769652535e-08,7.21427405965108e-09
09 Aug 2023 18:15:04,-5.50019903658826e-08,-4.32282193737956e-08,5.64257816506037e-09
09 Aug 2023 18:20:04,-2.97807134492354e-08,-2.00877448900983e-08,3.32532992386371e-09
09 Aug 2023 18:25:04,-4.40493158196774e-09,5.02689568753875e-09,1.14549426972956e-09
09 Aug 2023 18:30:04,2.02029125827949e-08,3.09930045333675e-08,-8.35534169897084e-10
09 Aug 2023 18:35:04,1.36310715672123e-06,-1.54605959042447e-06,5.40189056007959e-08
09 Aug 2023 18:40:04,0,0,0
09 Aug 2023 18:45:04,-9.51991874155244e-08,6.06070420058049e-08,5.4073479652226e-09
09 Aug 2023 18:50:04,-7.36439587886618e-08,8.98960476001177e-08,5.34982133290678e-10
09 Aug 2023 18:55:04,0,0,0
09 Aug 2023 19:00:04,-2.69811835346797e-06,2.73070523571419e-06,-5.31890050206513e-08
09 Aug 2023 19:05:04,-3.69749007353787e-08,-2.70400335293388e-08,3.96695427193705e-09
09 Aug 2023 19:10:04,-1.13226577595309e-08,-2.12856584960565e-09,1.72693765506376e-09
09 Aug 2023 19:15:04,1.33620869196332e-08,2.34398800288887e-08,-2.96914207979843e-10
09 Aug 2023 19:20:04,3.69307008822774e-08,4.96033162768512e-08,-2.08450028148665e-09
09 Aug 2023 19:25:04,5.20391245496681e-08,6.91302570727851e-08,-3.00261507376615e-09
09 Aug 2023 19:30:04,3.7056270056126e-08,5.89988375077678e-08,-1.32889379094224e-09
09 Aug 2023 19:35:04,-1.72061085601632e-08,5.93324397364451e-09,3.37866330092429e-09
09 Aug 2023 19:40:04,-6.31731380058989e-08,-4.41107468035963e-08,6.94409647819521e-09
09 Aug 2023 19:45:04,-6.56864163248588e-08,-5.18120617730005e-08,6.72553420263853e-09
09 Aug 2023 19:50:04,-4.40896943372077e-08,-3.34935744558597e-08,4.61698011446401e-09
09 Aug 2023 19:55:04,-1.83523894381975e-08,-8.97596055214665e-09,2.32718841946547e-09
09 Aug 2023 20:00:04,6.60705063376011e-09,1.64414683722974e-08,2.42077306127943e-10
09 Aug 2023 20:05:04,3.08372675290402e-08,4.27954636685584e-08,-1.64378139966787e-09
09 Aug 2023 20:10:04,4.99923203188286e-08,6.59398357798929e-08,-2.9443602030602e-09
09 Aug 2023 20:15:04,4.57506090461393e-08,6.67732627566123e-08,-2.16568737853579e-09
